-- MySQL dump 10.13  Distrib 5.7.26, for Win64 (x86_64)
--
-- Host: 127.0.0.1    Database: springboot_vue
-- ------------------------------------------------------
-- Server version	5.7.26

/*!40101 SET @OLD_CHARACTER_SET_CLIENT=@@CHARACTER_SET_CLIENT */;
/*!40101 SET @OLD_CHARACTER_SET_RESULTS=@@CHARACTER_SET_RESULTS */;
/*!40101 SET @OLD_COLLATION_CONNECTION=@@COLLATION_CONNECTION */;
/*!40101 SET NAMES utf8 */;
/*!40103 SET @OLD_TIME_ZONE=@@TIME_ZONE */;
/*!40103 SET TIME_ZONE='+00:00' */;
/*!40014 SET @OLD_UNIQUE_CHECKS=@@UNIQUE_CHECKS, UNIQUE_CHECKS=0 */;
/*!40014 SET @OLD_FOREIGN_KEY_CHECKS=@@FOREIGN_KEY_CHECKS, FOREIGN_KEY_CHECKS=0 */;
/*!40101 SET @OLD_SQL_MODE=@@SQL_MODE, SQL_MODE='NO_AUTO_VALUE_ON_ZERO' */;
/*!40111 SET @OLD_SQL_NOTES=@@SQL_NOTES, SQL_NOTES=0 */;

--
-- Table structure for table `category`
--

DROP TABLE IF EXISTS `category`;
/*!40101 SET @saved_cs_client     = @@character_set_client */;
/*!40101 SET character_set_client = utf8 */;
CREATE TABLE `category` (
  `id` bigint(20) NOT NULL COMMENT 'id',
  `parent` bigint(20) NOT NULL DEFAULT '0' COMMENT '父id',
  `name` varchar(50) NOT NULL COMMENT '名称',
  `sort` int(11) DEFAULT NULL COMMENT '顺序',
  PRIMARY KEY (`id`)
) ENGINE=InnoDB DEFAULT CHARSET=utf8mb4 COMMENT='分类';
/*!40101 SET character_set_client = @saved_cs_client */;

--
-- Dumping data for table `category`
--

LOCK TABLES `category` WRITE;
/*!40000 ALTER TABLE `category` DISABLE KEYS */;
INSERT INTO `category` VALUES (384164094225289216,0,'公益广告',0),(384164229516759040,384164094225289216,'图说我们的价值观',0),(384164291286274048,384164094225289216,'“讲文明 树新风”公益广告',0),(384164462782976000,0,'公益活动',0),(384164690089086976,384164462782976000,'活动展示',0),(384164784737751040,0,'雷锋热线',0),(384164853419479040,384164784737751040,'项目介绍',0),(384164897321259008,384164784737751040,'新闻专栏',0),(384164998609506304,384164784737751040,'我要求助',0),(384165071909163008,384164784737751040,'我要帮扶',0),(384165120126881792,384164784737751040,'品牌活动',0),(384165186833092608,384164784737751040,'宣传角',0),(384165264566128640,0,'文明XX',0),(384165324137828352,384165264566128640,'相关资讯',0),(384165387798974464,0,'XX志愿者网',0),(384165443469971456,384165387798974464,'项目介绍',0),(384165489103998976,384165387798974464,'新闻专栏',0),(384165522457104384,384165387798974464,'专题活动',0);
/*!40000 ALTER TABLE `category` ENABLE KEYS */;
UNLOCK TABLES;

--
-- Table structure for table `content`
--

DROP TABLE IF EXISTS `content`;
/*!40101 SET @saved_cs_client     = @@character_set_client */;
/*!40101 SET character_set_client = utf8 */;
CREATE TABLE `content` (
  `id` bigint(20) NOT NULL COMMENT '文档id',
  `content` mediumtext NOT NULL COMMENT '内容',
  PRIMARY KEY (`id`)
) ENGINE=InnoDB DEFAULT CHARSET=utf8mb4 COMMENT='文档内容';
/*!40101 SET character_set_client = @saved_cs_client */;

--
-- Dumping data for table `content`
--

LOCK TABLES `content` WRITE;
/*!40000 ALTER TABLE `content` DISABLE KEYS */;
INSERT INTO `content` VALUES (384166398877896704,'<p><img src=\"http://images.wenming.cn/web_wenming/wmpy/gygg/hxjzg/202209/W020220914537642924861.jpg\" alt=\"\" data-href=\"http://images.wenming.cn/web_wenming/wmpy/gygg/hxjzg/202209/W020220914537642924861.jpg\" style=\"\"/></p>'),(384167289236361216,'<p><img src=\"http://images.wenming.cn/web_wenming/wmpy/gygg/hxjzg/202209/W020220914537641152337.jpg\" alt=\"\" data-href=\"http://images.wenming.cn/web_wenming/wmpy/gygg/hxjzg/202209/W020220914537641152337.jpg\" style=\"\"/></p>'),(384167771791036416,'<p><img src=\"http://images.wenming.cn/web_wenming/wmpy/gygg/hxjzg/202209/W020220914537638902643.jpg\" alt=\"\" data-href=\"http://images.wenming.cn/web_wenming/wmpy/gygg/hxjzg/202209/W020220914537638902643.jpg\" style=\"\"/></p>'),(384180287355097088,'<p>1</p>'),(384180448844189696,'<p>1</p>'),(384181808654323712,'<p>1</p>'),(384183112747323392,'<p>1</p>'),(384186573366890496,'<p>模拟 Ajax 异步设置内容</p>'),(384187124221612032,'<p>模拟 Ajax 异步设置内容</p>'),(384187259953483776,'<p>模拟去委屈</p>'),(384194769519251456,'<p><img src=\"http://images.wenming.cn/web_wenming/wmpy/gygg/hxjzg/202209/W020220914537637124322.jpg\" alt=\"\" data-href=\"http://images.wenming.cn/web_wenming/wmpy/gygg/hxjzg/202209/W020220914537637124322.jpg\" style=\"\"/></p>'),(384195021106188289,'<p><img src=\"http://images.wenming.cn/web_wenming/wmpy/gygg/hxjzg/202209/W020220914537635509928.jpg\" alt=\"\" data-href=\"http://images.wenming.cn/web_wenming/wmpy/gygg/hxjzg/202209/W020220914537635509928.jpg\" style=\"\"/></p>'),(384195257149034496,'<p><img src=\"http://images.wenming.cn/web_wenming/wmpy/gygg/hxjzg/202209/W020220914537633882557.jpg\" alt=\"\" data-href=\"http://images.wenming.cn/web_wenming/wmpy/gygg/hxjzg/202209/W020220914537633882557.jpg\" style=\"\"/></p>'),(384195487898669056,'<p><img src=\"http://images.wenming.cn/web_wenming/wmpy/gygg/hxjzg/202209/W020220914537632120354.jpg\" alt=\"\" data-href=\"http://images.wenming.cn/web_wenming/wmpy/gygg/hxjzg/202209/W020220914537632120354.jpg\" style=\"\"/></p>'),(384195776093491201,'<p><img src=\"http://images.wenming.cn/web_wenming/wmpy/gygg/hxjzg/202209/W020220914537630462165.jpg\" alt=\"\" data-href=\"http://images.wenming.cn/web_wenming/wmpy/gygg/hxjzg/202209/W020220914537630462165.jpg\" style=\"\"/></p>'),(384195975759138816,'<p><img src=\"http://images.wenming.cn/web_wenming/wmpy/gygg/hxjzg/202209/W020220914537628223060.jpg\" alt=\"\" data-href=\"http://images.wenming.cn/web_wenming/wmpy/gygg/hxjzg/202209/W020220914537628223060.jpg\" style=\"\"/></p>'),(384196175135379456,'<p><img src=\"http://images.wenming.cn/web_wenming/wmpy/gygg/hxjzg/202209/W020220914537626394404.jpg\" alt=\"\" data-href=\"http://images.wenming.cn/web_wenming/wmpy/gygg/hxjzg/202209/W020220914537626394404.jpg\" style=\"\"/></p>'),(384196360565559297,'<p><img src=\"http://images.wenming.cn/web_wenming/wmpy/gygg/hxjzg/202209/W020220914537624989651.jpg\" alt=\"\" data-href=\"http://images.wenming.cn/web_wenming/wmpy/gygg/hxjzg/202209/W020220914537624989651.jpg\" style=\"\"/></p>'),(384196530611032065,'<p><img src=\"http://images.wenming.cn/web_wenming/wmpy/gygg/hxjzg/202209/W020220914537621179855.jpg\" alt=\"\" data-href=\"http://images.wenming.cn/web_wenming/wmpy/gygg/hxjzg/202209/W020220914537621179855.jpg\" style=\"\"/></p>'),(384196746055651328,'<p><img src=\"http://images.wenming.cn/web_wenming/wmpy/gygg/hxjzg/202209/W020220914537619212490.jpg\" alt=\"\" data-href=\"http://images.wenming.cn/web_wenming/wmpy/gygg/hxjzg/202209/W020220914537619212490.jpg\" style=\"\"/></p>'),(384196959143071744,'<p><img src=\"http://images.wenming.cn/web_wenming/wmpy/gygg/hxjzg/202209/W020220914537617076306.jpg\" alt=\"\" data-href=\"http://images.wenming.cn/web_wenming/wmpy/gygg/hxjzg/202209/W020220914537617076306.jpg\" style=\"\"/></p>'),(384197248688459777,'<p><img src=\"http://images.wenming.cn/web_wenming/wmpy/gygg/hxjzg/202209/W020220914537614970484.jpg\" alt=\"\" data-href=\"http://images.wenming.cn/web_wenming/wmpy/gygg/hxjzg/202209/W020220914537614970484.jpg\" style=\"\"/></p>'),(384225513511718912,'<h1 style=\"text-align: center;\">关于我要求助的相关信息补充</h1><p><br></p><hr/><p> &nbsp; &nbsp; &nbsp; &nbsp; &nbsp; &nbsp; &nbsp; &nbsp;请点击<span style=\"color: rgb(245, 219, 77);\">下方</span><span style=\"color: rgb(225, 60, 57);\"><strong>参与按钮</strong></span>，提交相关信息，我们将在收到信息后的24小时内与您取得联系。</p><p> &nbsp; &nbsp; &nbsp; &nbsp; &nbsp; &nbsp; &nbsp; &nbsp; &nbsp; &nbsp; &nbsp; &nbsp; &nbsp; &nbsp; &nbsp; &nbsp; &nbsp; </p><hr/><p> &nbsp; &nbsp; &nbsp; &nbsp; &nbsp; &nbsp; &nbsp; &nbsp; &nbsp; &nbsp; &nbsp; &nbsp; &nbsp; &nbsp; &nbsp; &nbsp; &nbsp; &nbsp; &nbsp; &nbsp; &nbsp; &nbsp; &nbsp; &nbsp; &nbsp; &nbsp; &nbsp; &nbsp; &nbsp; &nbsp; &nbsp; &nbsp; &nbsp; &nbsp; &nbsp; &nbsp; &nbsp; &nbsp; &nbsp; &nbsp; &nbsp; &nbsp; &nbsp; &nbsp; &nbsp; &nbsp; &nbsp; &nbsp; &nbsp; &nbsp; &nbsp; &nbsp; &nbsp; &nbsp; &nbsp; &nbsp; &nbsp; &nbsp; &nbsp; &nbsp; &nbsp; &nbsp; &nbsp; &nbsp; &nbsp; &nbsp; &nbsp; &nbsp; &nbsp; &nbsp; &nbsp; &nbsp; &nbsp; &nbsp; &nbsp; &nbsp; &nbsp; &nbsp; &nbsp; &nbsp; &nbsp; &nbsp; &nbsp; &nbsp; &nbsp; &nbsp; &nbsp; &nbsp; &nbsp; &nbsp; &nbsp; &nbsp; &nbsp; &nbsp; &nbsp; &nbsp; ------xxxxx</p>'),(385018234652463104,'<p><br></p><div data-w-e-type=\"video\" data-w-e-is-void>\n<iframe src=\"//player.bilibili.com/player.html?aid=576719929&amp;bvid=BV1YB4y1f7GE&amp;cid=1285248707&amp;p=1\" scrolling=\"no\" border=\"0\" frameborder=\"no\" framespacing=\"0\" allowfullscreen=\"true\" width=\"800\" height=\"800\"> </iframe>\n</div><p><br></p>'),(385028425263484928,'<p><br></p><div data-w-e-type=\"video\" data-w-e-is-void>\n<video poster=\"\" controls=\"true\" width=\"auto\" height=\"auto\"><source src=\"http://player.youku.com/embed/XMzcwNTY3NTM2MA\" type=\"video/mp4\"/></video>\n</div><p><br></p>'),(385268119557509120,'<p><img src=\"https://tse2-mm.cn.bing.net/th/id/OIP-C.GDwbekFhd8Z6vVbrfBYs0AHaLG?w=203&h=304&c=7&r=0&o=5&pid=1.7\" alt=\"\" data-href=\"https://tse2-mm.cn.bing.net/th/id/OIP-C.GDwbekFhd8Z6vVbrfBYs0AHaLG?w=203&h=304&c=7&r=0&o=5&pid=1.7\" style=\"\"/></p>'),(385268410789007360,'<p><br></p><p style=\"text-indent: 2em; text-align: start;\">5月28日下午,由北京益行者公益基金会、凤凰网公益和易善教育联合主办的“育见未来行动让美好发生”——《2023中国中学生公益实践白皮书》(以下简称“白皮书”)线下发布会在北京成功举办,《中国慈善家》杂志担任媒体支持。</p><p style=\"text-indent: 2em; text-align: start;\">南都公益基金会名誉理事长徐永光,乐平基金会联合创始人兼执行理事长、《斯坦福社会创新评论》中文版出版人兼主编沈东曙,老牛兄妹基金会秘书长陈霄鹏,中国慈善联合会常务副秘书长刘佑平,联合国人口基金驻华助理代表彭炯,21世纪教育研究院执行院长黄胜利,北京高校副教授、中学生家长徐惠玲,全国三八红旗手、凤凰网副总编辑、女童保护发起人孙雪梅,《中国慈善家》副总编辑程昕明,北京益行者公益基金会常务副理事长史兆苓,易善数据总裁、创始人陶泽等公益界、教育界、媒体界相关专家学者出席,凤凰网公益频道副主编朱德瑛担任主持,共同揭晓白皮书“十大发现”,探讨青少年公益素养的培育价值以及如何推动青少年公益实践,助力当代青少年群众的社会责任感、创新精神以及社会实践能力的培育和提升。</p><p style=\"text-indent: 2em; text-align: center;\"><img src=\"http://science.china.com.cn/images/2023-06/01/dddd8b62-250d-4a52-9d67-7cf57c3f4e69.png\" alt=\"\" data-href=\"\" style=\"\"></p><p style=\"text-indent: 2em; text-align: start;\"><strong>“十大发现看Z世代用公益温暖世界”——2023中学生公益实践白皮书报告发布</strong></p><p style=\"text-indent: 2em; text-align: start;\">作为中国首部中学生公益实践白皮书的第二届调研,研究历时七个月,基于对百所顶尖中学、国际学校的调研,以及7778份有效问卷的分析,凝结了数百位志愿者、辅导员、老师以及多个领域专家学者的共同设计探讨。中学生参与公益实践有哪些新的途径?当前的中学生公益素养教育又存在哪些不足?易善数据总裁及创始人陶泽在现场揭晓了白皮书报告的“十大发现”,并对此作出了解读:(1)一旦开始参与公益,会越来越爱参与公益;(2)中学生参与公益活动的机会和相关信息不足;(3)参与公益能够提升中学生的成就感和幸福感;(4)没时间和缺机直接影响中学生公益活动参与度;(5)社会议题是否感自身兴趣是决策主要依据;(6)学校和老师的态度直接影响学生公益参与度;(7)父母越爱捐赠,孩子越爱参与公益活动;(8)环保议题最热门,动物保护和文化保护潜力较大;(9)已存在部分同学平均每周参与1小时公益活动;(10)参与公益是家风建设和亲子融合的良好场景。</p><p style=\"text-indent: 2em; text-align: center;\"><img src=\"http://science.china.com.cn/images/2023-06/01/1b3c4820-2d3a-4bd0-9db2-a6e2b15b5594.png\" alt=\"\" data-href=\"\" style=\"\"></p><p style=\"text-indent: 2em; text-align: start;\">为培育青少年公益素养,在青少年中普及关爱他人之心,引导青少年成长为有社会责任担当,有利他精神的人,同时倡导和促进新型社会关系的构建,基于此次调研,发起方提出以下调研建议:第一,让公益活动“活起来”,针对青少年喜爱的公益主题不断进行活动发掘,拓宽中学生公益实践参与渠道,让青少年有更多的选择;第二,让公益教育“动”起来,学校将公益实践做深做实,鼓励青少年参与公益活动;第三,让家庭公益“火”起来,提高对公益实践的重视度,从小培育孩子的公益意识,鼓励家长带着孩子一起参与公益活动;第四,让公益活动“酷”起来,企业、公益行业和社会组织丰富公益活动的参与形式,融入青少年新玩法,让公益变得更酷、更有趣,让青少年在参与过程中不仅实现社会价值,还能彰显个性、树立IP,变得与众不同。</p><p style=\"text-indent: 2em; text-align: start;\">报告发布环节的最后,陶泽揭晓了从申报的近500个公益案例中脱颖而出的30个优秀案例,并将其收录至白皮书报告中。现场还进行了中国中学生公益实践优秀案例颁奖仪式,30个案例分别被授予公益创新奖、公益之星奖和团队奖(获奖名单付附后)。优秀案例学生代表表示,“这个奖是对我们的努力的一种肯定,公益无大小,我们会用行动让世界变得更美好。”部分优秀公益成果也在现场展出。</p><p style=\"text-indent: 2em; text-align: center;\"><img src=\"http://science.china.com.cn/images/2023-06/01/fe5619ad-d936-4508-a9df-a537750acc07.png\" alt=\"\" data-href=\"\" style=\"\"></p><p style=\"text-indent: 2em; text-align: start;\"><strong>“后浪,青春就要不一young”——优秀案例中学生代表成果展示</strong></p><p style=\"text-indent: 2em; text-align: start;\">现场,获得优秀案例的5位“后浪”代表们为大家分享了他们与公益的结缘之旅。</p><p style=\"text-indent: 2em; text-align: start;\">来自北京市朝阳凯文学校的韩思远聚焦野生动物保护,开展问卷调查、制作游戏、设计文创产品义卖、向全校同学宣讲,被老师同学们称成为“校园中的野保小卫士”。在热爱的公益活动中收获了成长。</p><p style=\"text-indent: 2em; text-align: start;\">就读于河南郑州中美外国语学校的郝书铭是一位二次元爱好者,通过二次创新热门动漫形象来宣传保护流浪小动物,并设计周边产品开了自己的公益淘宝店,将营利全部捐赠于动物保护基金会。此次公益实践也为郝书铭的公益创业之梦积累了经验。</p><p style=\"text-indent: 2em; text-align: start;\">来自北京世青学校的张方烨集合古典与新潮于一身,通过rap说唱的形式来讲述自己保护古建筑的公益历程,以青春活力掀起现场高潮,表演背后充满了对公益事业的热爱与决心。</p><p style=\"text-indent: 2em; text-align: start;\">武汉英中的刘禺成关注视障人群的心理状态,引导他们重建积极乐观的思维模式。他在盲人按摩店开展了多场以“沟通的艺术”为主题的心理讲座,帮助很多盲人朋友们重拾生活的信心,重新融入社会。</p><p style=\"text-indent: 2em; text-align: start;\">来自宁波诺丁汉大学大三学生毛子涵以“学姐说”的角度分享了她由照护家中老人过程中,针对照护过程中存在的问题研发防呛喂水器、看护传感器、除臭口罩等产品,成为了养老领域的创业者。她认为这个过程是对年轻人自我价值的探索,思考自己和世界之间的关系。</p><p style=\"text-indent: 2em; text-align: start;\">青少年是国家的希望和未来,相信在他们的青春智慧助力下,未来会有更多优秀公益案例诞生,创造出更多的公益创意和成果。</p><p style=\"text-indent: 2em; text-align: center;\"><img src=\"http://science.china.com.cn/images/2023-06/01/5945363e-9a75-4d93-8c1b-dc3d5d134df5.png\" alt=\"\" data-href=\"\" style=\"\"></p><p style=\"text-indent: 2em; text-align: center;\"><img src=\"http://science.china.com.cn/images/2023-06/01/99f526b1-4bbe-4788-814a-6e24924e7cbd.png\" alt=\"\" data-href=\"\" style=\"\"></p><p style=\"text-indent: 2em; text-align: center;\"><img src=\"http://science.china.com.cn/images/2023-06/01/10ab2fb9-382d-41f4-918a-732565229b0e.png\" alt=\"\" data-href=\"\" style=\"\"></p><p style=\"text-indent: 2em; text-align: center;\"><sup>获奖中学生代表领奖</sup></p><p style=\"text-indent: 2em; text-align: start;\"><strong>益起行动推动青少年参与公益实践</strong></p><p style=\"text-indent: 2em; text-align: start;\">在推动青少年参与公益实践的过程中,家长、公益组织、社会都扮演着至关重要的角色。发布会现场圆桌论坛(一)也讨论了“如何推动青少年公益实践?”</p><p style=\"text-indent: 2em; text-align: center;\"><img src=\"http://science.china.com.cn/images/2023-06/01/73055760-4417-4f6f-8d1c-0ddc0a2be4ab.png\" alt=\"\" data-href=\"\" style=\"\"></p><p style=\"text-indent: 2em; text-align: start;\">联合国人口基金驻华助理代表彭炯表示,联合国人口基金从2000年就开始青少年有关的项目,他们不仅关注青少年的身心健康,更注重提高青少年的领导力、创造力和商业发展。他认为公益初心是青少年参与公益实践的内生动力,是促使他们的公益之路走得长远的关键因素。他希望未来可以提供更多的支持和渠道去促进青少年公益国际交流。由于工作关系彭炯和很多中外优秀的青少年有所接触,“从他们的成长当中我感觉到,由于他们有公益的心,和国际社会接轨,把中国的事情讲给外国,更好代表中国发出自己的一些声音。让我感觉到他们对整个社会是有思考的。对他们的成长非常有益处的。”</p><p style=\"text-indent: 2em; text-align: start;\">老牛兄妹基金会秘书长陈霄鹏分享:从2015年成立以来,基金会就一直关注青少年素质教育。“我们为青少年进行公益帮扶,同时也希望青少年也能参与到公益实践中来,因此我们打造了儿童公益素养提升计划,进行系列调研、慈善课程体验、教师培育、课程推广和研发等,帮助青少年在成长过程中了解公益、接触公益、爱上公益”。</p><p style=\"text-indent: 2em; text-align: start;\">中国慈善联合会常务副秘书长刘佑平则从个人层面阐述了公益实践的意义。公益无门槛,任何人、任何时间、任何地点都可以进行。他认为推动青少年来参与公益实践是现代化的必修课,要从小抓起,将公益培养成为孩子的价值观以至行为模式,去塑造一种慈善的理念、慈善的生活方式、现代慈善的意识。</p><p style=\"text-indent: 2em; text-align: start;\">乐平基金会联合创始人兼执行理事长、《斯坦福社会创新评论》中文版出版人兼主编沈东曙倾向于用“公共参与和社会创新”来形容公益,他认为中学生参与社会创新要拥有问题意识,与此同时,要找到公共参与个人幸福、创造力的关联性。他表示未来将持续研究鼓励青少年参与社会创新。</p><p style=\"text-indent: 2em; text-align: start;\"><strong>育见美好培育青少年公益素养</strong></p><p style=\"text-indent: 2em; text-align: start;\">圆桌论坛(二)以“育见美好,我们为什么培育青少年公益素养?”为主题展开讨论。作为本次活动的联合发起方,北京益行者公益基金会长期致力于探索中国公益创新路径,目前正在进行“未来益行者培育计划”,深度扶持青少年学生参与公益实践,去看到更多元的世界。“我们在调研和实践过程中发现,青少年群体是一支非常重要的公益力量。青少年参与公益甚至可以影响到家庭、社会以及人人公益,也对青少年的成长发展颇有益处”,北京益行者公益基金会常务副理事长史兆苓说道。</p><p style=\"text-indent: 2em; text-align: center;\"><img src=\"http://science.china.com.cn/images/2023-06/01/2a5e7568-d509-4ba6-a83d-5fd69603df9a.png\" alt=\"\" data-href=\"\" style=\"\"></p><p style=\"text-indent: 2em; text-align: start;\">如何将孩子培养成为适应未来发展的人才?21世纪教育研究院执行院长黄胜利认为,“中小学生基本素养主要围绕自我发展、文化基础、社会参与三个方面来进行培育,其中社会参与也就是今天大家所探讨的公益实践。在参与公益的过程中,学会发现问题、项目设计、访谈演讲等就是未来能够应对各种问题挑战的重要能力,我们鼓励青少年要拥有探究的精神、创新的精神、创造的精神。”</p><p style=\"text-indent: 2em; text-align: start;\">全国三八红旗手、凤凰网副总编辑、女童保护发起人孙雪梅认为青少年是公益事业强大的后备力量,她鼓励青少年将公益培养成兴趣,把公益实践和爱好特长进行有机结合,有助于综合素养的多元提升。长期从事女童保护事业的她希望会有越来越多受助者可以成为参与者,以同龄人喜闻乐见的方式去普及性教育,效果也会更好。</p><p style=\"text-indent: 2em; text-align: start;\"><strong>向善而行行动让美好发生</strong></p><p style=\"text-indent: 2em; text-align: start;\">发布会尾声,南都公益基金会名誉理事长徐永光作闭幕演讲。他提出“一个主体,五大支持力量”的概念,主体指的是青少年,五大支持力量则指的是学校支持、家庭支持、公益组织支持、市场服务支持、传播支持。“立足一个主体,借助五大支持力量,把青少年公益实践活动推动起来。”徐永光寄语道。当前的公益环境下,机遇和挑战并存。他希望青少年积极参与公益实践,用行动让美好发生。</p><p style=\"text-indent: 2em; text-align: start;\">“中学生公益实践情况”调研以期通过深度洞察社会议题与公益活动,考察和培养当代中学生的社会责任感和组织管理能力,探索青少年公益素养培育路径。希望这份白皮书可以让更多人关注并加入推动中学生公益实践的发展的行列中来,一起见证新时代青年的温暖和坚定,共同谱写中国中学生公益素养教育的新篇章。</p><p style=\"text-indent: 2em; text-align: center;\"><img src=\"http://science.china.com.cn/images/2023-06/01/c389f365-7bf9-4bc0-aacc-5b63798ed19d.png\" alt=\"\" data-href=\"\" style=\"\"></p><p style=\"text-indent: 2em; text-align: start;\"><strong>2023中国中学生公益实践优秀案例获奖名单:</strong></p><p style=\"text-indent: 2em; text-align: center;\"><img src=\"http://science.china.com.cn/images/2023-06/01/5ba03b85-46e2-4047-abee-cea54942a6d7.png\" alt=\"\" data-href=\"\" style=\"\"></p><p style=\"text-indent: 2em; text-align: center;\"><img src=\"http://science.china.com.cn/images/2023-06/01/238c0f5d-2c53-40ca-a0a8-92a1a189430f.png\" alt=\"\" data-href=\"\" style=\"\"></p>'),(385268885953318912,'<p><br></p><p><br></p><p>项目名称：成都晚报社雷锋热线志愿服务项目</p><p>　　开展项目的时间：2015年2月25日</p><p>　　参与项目的注册志愿者人数：7000余人</p><p>　　项目负责人 ：伍江陵 、张光焰</p><p>　　项目概述及亮点成效：</p><p>　　雷锋热线志愿服务项目是在成都市文明办指导下，由成都晚报社发起的全民共享友善公益平台，以“互联网+媒体+志愿公益”的思路立足推动实现“所有人帮所有人”，搭建形成包括报纸专版、热线电话以及微博、微信、社群等线上线下系统化全媒体矩阵。截至目前，项目已持续运营超3年，共收集54962条心愿诉求，完成49687条，发起813次品牌志愿公益活动，精准帮扶全国超6万名困难群众。</p><p>　　项目充分发挥主流媒体公信力优势，将志愿者、公益组织、爱心企业等组成雷锋热线爱心联盟，为公益供需双方牵线搭桥。目前，爱心联盟已吸引3000多个社区、100余支党员志愿服务队及1453支爱心团体加入，组建起包括“当代雷锋”全国道德模范郭明义、感动中国年度人物梁益建等200余位社会知名人士加入的28支专业志愿者团队。项目主动将合作伙伴延伸至全国，逐步与全国30余个城市150家主流媒体建立联系，初步形成了雷锋热线全国联动传播机制。此外，还建立多个社群（QQ群、微信群），吸引7000余人加入。</p><p>　　雷锋热线依托成都晚报视频直播平台，立足品牌特色，打造系列公益直播产品。2018年3月4日至5日，雷锋热线联合人民日报“人民直播”、新华社“现场云”、新浪微博等新媒体平台，发起以“做新时代的新雷锋”为主题的全国首次24小时友善公益大直播活动。“当代雷锋”郭明义及其爱心团队1000余支分队、六任雷锋班班长、17名全国道德模范参与到活动中。除港澳台地区外，覆盖全国31个省（直辖市）自治区的55个城市，137家主流媒体共同参与传播，引发1000多万网友关注互动。</p><p>　　2017年初，雷锋热线联合北京晚报、武汉晚报、西海都市报、杭州之声等多家国内主流媒体，在北京、上海、广州、杭州、武汉、西宁等六个城市同步发起“温暖回家路”送农民工返乡大型公益活动，为120名民工免费赠送返乡车票及年货礼包……据统计，雷锋热线已发起813次志愿公益活动，帮扶足迹覆盖全国31个省（直辖市）自治区，精准帮扶全国超6万名困难群众，累计影响覆盖人群上亿次。</p><p>　　2017年，雷锋热线被中央网信办授予“网络公益年度项目”；入选国家新闻出版广电总局“全国报刊媒体融合创新100佳优秀案例”；获得中国报业协会“2017传媒创新合作项目”；获得北京大学、清华大学、复旦大学等8所高等新闻院校联合今日头条共同颁发的“2017年度潜力项目”；雷锋热线系列报道获四川新闻奖二等奖；2016年，雷锋热线获荣获成都市十佳志愿服务项目、都传媒集团首批精品栏目称号。同时，项目多次被新华社、人民网、《光明日报》、中新网、中国网、央广网、中央人民广播电台等央媒重点报道。</p><p>　　开展活动的照片：</p><p><img src=\"http://images.wenming.cn/web_wenming/zyfw/2018sg100/zjzyfwxm/201811/W020181128668948050883.jpg\" alt=\"\" data-href=\"\" style=\"height: auto;\"/></p><p><img src=\"http://images1.wenming.cn/web_wenming/zyfw/2018sg100/zjzyfwxm/201811/W020181128668948109406.jpg\" alt=\"\" data-href=\"\" style=\"height: auto;\"/></p><p>　　推荐单位：四川省文明办</p><p><br></p>'),(385269363818762240,'<p><br></p><h1 style=\"text-align: center;\">让学习雷锋精神在祖国大地蔚然成风</h1><h2 style=\"text-align: center;\"></h2><p style=\"text-align: center;\">本报记者 刘 阳《 人民日报 》（ 2021年08月16日 &nbsp; 第 06 版）</p><p style=\"text-align: center;\"><br></p><table style=\"width: auto; text-align: left;\"><tbody><tr><td colspan=\"1\" rowspan=\"1\" width=\"auto\" style=\"text-align: center;\"><img src=\"http://paper.people.com.cn/rmrb/images/1/20210816/1629056231486_1.jpg\" alt=\"\" data-href=\"\" style=\"width: auto;\"></td></tr><tr><td colspan=\"1\" rowspan=\"1\" width=\"auto\" style=\"text-align: center;\">图①：陕西宝鸡市开展学雷锋志愿示范活动，志愿者给孩子们上航模课。 图②：云南安宁市第二幼儿园开展学雷锋志愿活动。 图③：辽宁抚顺市望花区古城子街道开展学雷锋志愿活动。 图④：湖南雷锋生平事迹陈列馆外景。 资料图片<br><br></td></tr></tbody></table><p>　　我们既要学习雷锋的精神，也要学习雷锋的做法，把崇高理想信念和道德品质追求转化为具体行动，体现在平凡的工作生活中，作出自己应有的贡献，把雷锋精神代代传承下去。</p><p>　　——摘自习近平总书记在参观抚顺市雷锋纪念馆时的讲话</p><p>　　</p><p>　　“我要把有限的生命，投入到无限的为人民服务之中去。”</p><p>　　雷锋，生命的长度只有22个年头；雷锋精神，让这个短暂的生命延展出无限的厚度，激励了一代又一代人成长。</p><p>　　1963年3月，毛泽东同志亲笔题词，发出“向雷锋同志学习”的号召。50多年来，学雷锋活动蓬勃开展、长盛不衰，人民群众热情响应、广泛参与，雷锋精神的光芒愈加耀眼夺目，凝聚起推动民族奋进发展的磅礴力量。</p><p>　　习近平总书记强调，雷锋是时代的楷模，雷锋精神是永恒的。实现中华民族伟大复兴，需要更多时代楷模。我们既要学习雷锋的精神，也要学习雷锋的做法，把崇高理想信念和道德品质追求转化为具体行动，体现在平凡的工作生活中，作出自己应有的贡献，把雷锋精神代代传承下去。</p><p>　　做一颗永不生锈的螺丝钉</p><p>　　2018年9月，习近平总书记在抚顺市雷锋纪念馆参观时指出：“如果13亿多中国人、8900多万党员、400多万党组织都能学习雷锋精神，都能在自己的岗位上做一颗永不生锈的螺丝钉，我们的凝聚力、战斗力将无比强大，我们将无往而不胜。”</p><p>　　雷锋，原名雷正兴，1940年出生在湖南望城县（现长沙市望城区）一户贫困的农民家庭。他7岁时成为孤儿，在乡亲们的帮助下活了下来。1949年8月，雷锋的家乡解放了。在党和政府的关怀下，雷锋参加儿童团，进小学读书，还加入了中国共产主义少年先锋队。</p><p>　　1960年1月，雷锋应征入伍。同年11月，他加入了中国共产党。他以甘当“螺丝钉”的精神，干一行、爱一行、钻一行，在平凡的岗位上做出了不平凡的事迹。连队分配他当汽车兵，他努力钻研驾驶技术，成为一名合格的汽车驾驶员。担任班长后，他大胆管理，事事模范带头，带领全班成为部队先进集体。</p><p>　　雷锋热爱集体、关心战友、关心群众，把“毫不利己、专门利人”看成是人生最大的幸福和快乐，并身体力行、认真实践。他把自己省吃俭用积存起来的钱用来帮助受灾群众和家庭困难的战友，并常常利用节假日和休息时间到部队驻地附近为群众做好事。他曾担任校外辅导员，用自己的模范行动影响和激励少年一代健康成长。出差时，他一上火车就为旅客端茶送水，打扫卫生。群众称赞：“雷锋出差一千里，好事做了一火车。”</p><p>　　1962年8月15日，雷锋在执行运输任务时不幸殉职，年仅22岁。</p><p>　　雷锋的模范事迹和高尚思想产生巨大影响。1963年3月5日，毛泽东同志题词：“向雷锋同志学习”。</p><p>　　“钉子有两个长处：一个是挤劲，一个是钻劲。我们在学习中，也要提倡这种钉子精神，善于挤，善于钻。”</p><p>　　“人的生命是有限的，可是，为人民服务是无限的，我要把有限的生命，投入到无限的‘为人民服务’之中去。”</p><p>　　…………</p><p>　　雷锋以实际行动践行着日记里的一字一句。雷锋的一生，没有惊天动地的壮举，却以一件件平凡事、日常事，彰显了高尚的人格，凝聚成伟大的雷锋精神。50多年来，雷锋精神激励着一代又一代人成长。</p><p>　　以雷锋为榜样，做对社会有益的人</p><p>　　随着时代的发展，雷锋精神的内涵不断丰富发展。</p><p>　　位于抚顺的辽宁石油化工大学，是雷锋生前作过报告的高校。20世纪60年代，雷锋牺牲后，该校把雷锋日记和事迹列入语文课和政治课的教学内容；70年代，把学雷锋与学习“铁人”精神相结合；80年代，抵制市场经济下雷锋精神“过时论”等杂音，与时俱进学雷锋；90年代，制作了以本校大学生学雷锋为背景的3集电视剧《捧出火红的太阳》……该校几十年来接续传承雷锋精神的生动实践，正是雷锋精神在华夏大地发扬光大的一个缩影。</p><p>　　张华是改革开放后新一代大学生的杰出代表，他在各个方面严格要求自己，时刻“以雷锋为榜样”。1982年7月，为了抢救落入公厕的老人，他毫不犹豫地下到3米深的粪池内，最终因中毒牺牲，年仅24岁。</p><p>　　张海迪被群众誉为“80年代的新雷锋”。“活着就要做个对社会有益的人”，张海迪以自己的言行，回答了亿万青年非常关心的人生观、价值观问题。5岁时，张海迪因患脊髓血管瘤造成高位截瘫。她虽然没有机会走进校门，却发愤学习。她先后翻译了《海边诊所》等数十万字的英语小说，编著了多部书籍。她学会了针灸等医术，为群众无偿治疗达1万多人次。</p><p>　　雷锋精神在一个个具有时代特征的先进典型和英雄模范身上不断得到传承，给一代代人指明前进的方向、提供奋进的力量。时代发展中涌现出的学雷锋先进人物，和各方面英模人物一起发挥榜样作用，激发出实现中华民族伟大复兴中国梦的强大精神力量。</p><p>　　“00后”兰郡泽是辽宁抚顺市龙兴运输有限公司职工。2019年5月2日清晨，抚顺市新宾满族自治县南杂木镇一幢7层居民楼突然起火，居民在窗口大声呼救。当时，兰郡泽正在不远处的工地进行外墙施工，听到呼喊，他立即把吊车开过来，在浓烟中操作吊车开始救援。整个救援历时40多分钟，兰郡泽救出14名被困群众。他用实际行动践行和弘扬雷锋精神，被群众亲切地称为“吊车侠”。今年1月，他组建“吊车侠”爱心志愿服务团队，在他的带动下，团队成员从最初的7人增加到58人，迄今已开展10余次公益活动。</p><p>　　今年40岁的王毅，是天津医科大学总医院神经外科副主任医师、硕士生导师。他利用宝贵的业余时间参加志愿服务。天津医科大学有30多年大学生志愿服务的光荣传统，1999年王毅进入该校学习，便主动加入天津医科大学青年志愿者服务队。这些年，王毅和志愿者们的足迹不仅遍布天津市，还赴河北定州市、平山县西柏坡镇、阜平县城南庄镇等革命老区开展志愿服务。尽管辛苦，但王毅说，能用自己的专业特长帮助更多需要帮助的人，有一种发自内心的满足感。“我们青年志愿者把医学常识带给群众，帮助他们解决看病就医中遇到的问题，就是把党对群众的关怀带到基层，带到群众中去。”</p><p>　　在新时代，我们要大力弘扬雷锋精神，不断推进社会主义核心价值体系建设，在全社会形成爱岗敬业、奉献社会、建设国家的良好风尚，激发全民族奋发向上的精神力量。</p><p>　　雷锋精神人人可学，奉献爱心处处可为</p><p>　　习近平总书记在给“郭明义爱心团队”的回信中强调，“让学习雷锋精神在祖国大地蔚然成风。”</p><p>　　人生需要信仰驱动，社会需要共识引领，国家需要价值导航。</p><p>　　近年来，“当代雷锋”“道德模范”“时代楷模”“中国好人”“最美人物”在人们身边大量涌现，雷锋精神绽放出璀璨的时代光芒，引领越来越多的人崇德向善、见贤思齐。</p><p>　　“当代雷锋”、北京军区总医院原副政委孙茂芳，多年坚持学雷锋、做好事，无微不至地照顾5名孤寡老人和8名生活困难的老人，他联络各地模范人物，开展“雷锋精神万里行”活动，动员全社会学雷锋；“当代雷锋”、武警新疆总队医院院长庄仕华，扎根边疆、倾情奉献，架起了党同边疆各族人民群众的“连心桥”，他送医送药、扶贫帮困，把雷锋精神传播到天山南北……</p><p>　　随着新媒体技术的发展，学习传承雷锋精神也在网络上流行。让“所有人帮助所有人”，在四川成都市，有一个为需要帮助的人和愿意提供帮助的人牵线搭桥的平台——“雷锋热线”。遇到困难，求助者只需通过雷锋热线全媒体矩阵发布求助信息，工作人员就会根据实际情况，寻找爱心联盟中符合条件的志愿者或爱心组织提供帮助。依托爱心联盟，雷锋热线精准帮扶超过7万名困难群众，影响覆盖上亿人次。</p><p>　　覆盖各行各业、各个领域、各条战线，来自企业、农村、机关、学校、社区、医院等基层单位，在抗击新冠肺炎疫情和决战脱贫攻坚中作出突出贡献的先进模范，都是弘扬雷锋精神、建功伟大时代的优秀代表，都是社会主义核心价值观的模范践行者。</p><p>　　在抗击疫情的战场上，无数志愿者尽己所能奉献光和热。其中，既有来自全国驰援湖北和武汉的医护志愿者，也有默默无闻投入疫情防控的基层志愿者。他们的无私奉献，为打赢疫情防控的人民战争、总体战、阻击战作出了重大贡献。</p><p>　　据不完全统计，疫情防控期间，全国驰援湖北和武汉的医护志愿者超过3万人，主要来自呼吸、感染、重症等专业。仅武汉市，就有1.1万名来自全国各地的重症专业医务人员参与救治工作，占比接近全国重症医务人员的10%。2020年1月20日至4月6日，全国各地开展疫情防控志愿服务项目多达17.7万个，参与疫情防控的注册志愿者达361万人。除了注册志愿者，还有很多自发参与抗疫的无名英雄，他们向邻居伸出援手，在街道助人为乐，形成了人人为我、我为人人的良好社会风尚。</p><p>　　雷锋精神，人人可学；奉献爱心，处处可为。传承弘扬雷锋精神，从自己做起、从身边做起。每个人做成一件事、干好一件工作，党和国家事业就能向前推进一步；每个人出一份力，就能汇聚成排山倒海的磅礴力量。</p><p><br></p>'),(385269733836066817,'<p><br></p><p>作者：IO实习汇<br>链接：https://www.zhihu.com/question/68394453/answer/1927825906<br>来源：知乎<br>著作权归作者所有。商业转载请联系作者获得授权，非商业转载请注明出处。<br><br></p><p><br></p><p>具体的信息我放在下面啦~有需要其他志愿机会的小伙伴请及时和我沟通！<strong>最近暑期志愿机会非常多</strong>，我可以把自己搜罗到的一些高质量的志愿放送给大家！</p><p><br></p><p>世界和平论坛（World Peace Forum）是中国首个高级别、非官方的国际安全论坛，由清华大学主办，中国人民外交学会协办，自2012年以来已成功在北京举办八届线下会议和一次特别视频会议。</p><p><br></p><p>一 工作时间</p><p>1. 会议举办期间（7月2日-7月4日）全天；</p><p>2. 媒体组志愿者工作时间持续到7月中旬；</p><p>3. 第一次培训时间：拟录用后由邮件通知；</p><p>4. 如参加政治学与国际关系学术共同体志愿者，工作至7月6日。</p><p>二 工作内容</p><p>1. 协助会务组人员完成会议嘉宾的邀请与接待；</p><p>2. 会议资料准备与分发；</p><p>3. 现场会务协助；</p><p>4. 会议摄影/影像与后期制作；</p><p>5. 媒体报道收集与整理。</p><p>三 工作地点</p><p>1. 清华大学主会场</p><p>2. 辽宁大厦（北京）会场</p><p>四 学历要求</p><p>1. 211或985院校大四学生或非应届研究生优先；</p><p>2. 北京高校学生优先；</p><p>3. 同时欢迎海外留学生参与。</p><p>五 能力要求</p><p>必备以下任意1-2项技能：</p><p>1. 英语听说读写能力优秀or掌握小语种；</p><p>2. 有新媒体编辑及运营经验；</p><p>3. 掌握摄影/摄影后期/图文编辑/视频音频剪辑等技术；</p><p>4. 熟练使用出版应用软件；</p><p>5. 掌握python数据挖掘技术或信息检索技术；</p><p>6. 有相关会务实习工作经验；</p><p>7. 擅长快速记忆人脸/人名，不路痴/不脸盲；</p><p>8. ... (其他与会务相关的技能可在简历中列出)</p><p>*投递邮件时，请附上相关证书、证明或作品集。</p><p>六 第十四届政治学与国际关系学术共同体会议志愿者需求</p><p>2021年“第十四届政治学与国际关系学术共同体年会”将于7月5-6日在北京辽宁大厦举行，年会主题为“大变局下的政治学与国际关系学科”。此次会议设有圆桌论坛、专题研讨、博士生工作坊和出版物展示等形式。世界和平论坛的志愿者可选择同时参与会议共同体的志愿活动。若有意向报名，请扫描下方二维码填写报名信息。</p><p>七 简历投递、扫码报名及录用</p><p>1. 投递简历邮箱地址（投递后还需用过问卷星报名确认）</p><p><a href=\"mailto:wpf@tsinghua.edu.cn\" target=\"\">wpf@tsinghua.edu.cn</a> &nbsp;论坛秘书处</p><p>2. 问卷星报名</p><p><a href=\"https://link.zhihu.com/?target=https%3A//www.wjx.top/vj/mIoDIkn.aspx\" target=\"_blank\">第九届世界和平论坛志愿者报名表</a></p><p>3. 邮件主题：2021志愿者+姓名+院校+专业</p><p>4. 面试及录用流程：</p><p> &nbsp;a. 通过初选者将电话通知安排面试，面试时请提交个人的相关证明材料；</p><p> &nbsp;b.未通过面试者，不再另行通知，面试材料恕不退还。</p><p>5. 简历接收和筛选工作将一直持续到6月中旬，期待各位踊跃投递。</p><p><br></p>'),(385270093812207616,'<p><br></p><h2 style=\"text-align: center;\">河北省沧州市青县“孝老食堂”志愿服务项目</h2><p><span style=\"color: rgb(51, 51, 51); font-size: 14px;\">日期： 2023-08-09</span> <span style=\"color: rgb(51, 51, 51); font-size: 14px;\">来源： 中国文明网</span></p><p><br></p><p style=\"text-indent: 2em;\"><strong>一、项目概述</strong></p><p style=\"text-indent: 2em;\">项目名称：河北省青县“孝老食堂”志愿服务项目</p><p style=\"text-indent: 2em;\">开展项目的时间：2016年12月</p><p style=\"text-indent: 2em;\">参与项目的注册志愿者人数：2000余人</p><p style=\"text-indent: 2em;\"><br></p><p style=\"text-indent: 2em;\">项目负责人：陈海涛</p><p style=\"text-indent: 2em; line-height: 2;\">2016年12月，河北省沧州市青县的志愿者团队开始了为老助老志愿服务活动，探索以志愿服务的方式解决农村养老问题的有效路径。2020月12月，该活动正式定名为“孝老食堂”志愿服务项目。针对农村困难老人、独居老人生活质量不高的现状，青县以“党建引领、村办民助、自愿参与、因村制宜”为原则，整合农村资源，盘活农村幸福院、文化活动中心、闲置民房等场所建设“孝老食堂”，积极动员党员干部、“乡贤议事会”“红白理事会”等村级自治组织成员、热心村民、爱心企业员工、社会实践大学生等成立志愿服务队伍，为农村困难老人、独居老人集中提供一日两餐或三餐服务，不仅解决了农村困难老年人吃口热乎饭的问题，老人们在一起互相交流还更加丰富了他们的精神生活。目前，全县已建成投入运行孝老食堂74家，受惠老年人超过7000人。新华社等一系列重要媒体均进行了深度报道，2022年春节登上央视《新闻联播》《晚间新闻》等栏目，引起社会广泛关注。</p><p style=\"text-indent: 2em; line-height: 2;\"><strong>二、亮点成效</strong></p><p style=\"text-indent: 2em; line-height: 2;\">一、建设“孝老食堂”，延伸农村志愿服务爱心平台。“孝老食堂”建设运营过程中，积极发动社会力量，密切联系各界商会、乡贤，以及热心公益的企业、个人，使其成为“孝老食堂”建设的亲身参与者。青县金牛镇大鹁鸽留村掀起捐款热潮，企业、群众爱心捐款达31万元。青县曹寺镇曹寺村村民自愿捐出闲置房屋，6家企业近百名群众捐款11万元，热心群众纷纷捐赠蔬菜，成为全村合力共建的典型。自推进“孝老食堂”建设以来，青县参与捐款捐物爱心企业380家、爱心群众6200余人次，累计750余万元，捐建“孝老食堂”50家，各界群众自发捐赠米面粮油、新鲜蔬菜成为常态，形成全社会爱老敬老浓厚氛围。</p><p style=\"text-indent: 2em; line-height: 2;\">二、建设“孝老食堂”，志愿服务推动农村移风易俗。“孝老食堂”建设运营全面推动了村党支部领导下规范运行的“乡贤议事会”“红白理事会”等村级自治组织，逐村制定完善了村规民约，治理有效的基层自治体系初步形成。青县流河镇人和镇村就是其中的典型代表。通过村“红白理事会”倡导红白事简办，节省下的资金加上社会捐款10万元，全村合力创办“孝老食堂”。理事会成员组织全村63名妇女组成志愿者服务队，轮流服务。在助餐服务的基础上又衍生出助洁、助浴、助洗等功能，不仅解决了困难老人的吃饭问题，还推动了文明村风，大大提升了全村党员群众的凝聚力。</p><p style=\"text-indent: 2em; line-height: 2;\">三、建设“孝老食堂”，打造农村综合养老服务设施。“孝老食堂”建设运营，在农村持续推进其他高龄老人“适度扩面”的新思路，不只解决吃饭质量不高的问题，还向更多元化迈进，因地制宜引入戏曲、书画、文娱等活动形式，成为为农村老年人提供综合养老服务的设施。广大志愿者们定期到各孝老食堂开展慰问、聊天、文艺演出、戏曲专场等志愿活动，还利用假期组织学生积极参与社会敬老志愿实践活动，丰富老年人精神生活。老人们充分发挥余热利用自身特长，教孩子们下棋、写字等。“孝老食堂”志愿服务活动创新性建设，不仅为农村老年人提供就餐、休闲娱乐、互助照料等服务，还满足了老年人的精神需求。</p><p style=\"text-indent: 2em; line-height: 2;\"><img src=\"https://chinavolunteer.mca.gov.cn/NVSIDF/LEAP/Download/default/news?fileid=d26d5792127446c0ad54a06580139922\" alt=\"\" data-href=\"\" style=\"\"></p><p style=\"text-indent: 2em; line-height: 2;\"><img src=\"https://chinavolunteer.mca.gov.cn/NVSIDF/LEAP/Download/default/news?fileid=8e69d0c18e534f39ae6b493e61d59f65\" alt=\"\" data-href=\"\" style=\"\"></p>'),(385270247948685312,'<p>模</p><h2 style=\"text-align: center;\">安徽省合肥市蜀山区井岗镇兴民社区</h2><p><span style=\"color: rgb(51, 51, 51); font-size: 14px;\">日期： 2023-03-16</span> <span style=\"color: rgb(51, 51, 51); font-size: 14px;\">来源： 中国文明网</span></p><p><br></p><p style=\"text-indent: 2em;\">安徽省合肥市蜀山区井岗镇兴民社区，面积1.3平方公里，常住人口约3.5万人。近年来，该社区坚持把开展志愿服务作为创新社区治理的重要载体，着力打造党建引领志愿服务体系，精准对接群众实际需求，常态化开展新时代文明实践志愿服务，有效地打通宣传群众、教育群众、关心群众、服务群众的“最后一公里”，先后荣获全国综合减灾示范社区、省级城市基层党建示范社区、省最美志愿服务社区、省卫生社区等30余项荣誉称号。</p><p style=\"text-indent: 2em;\"> &nbsp; &nbsp; &nbsp; &nbsp;树立品牌，打造“2个拳头产品”</p><p style=\"text-indent: 2em;\"> &nbsp; &nbsp; &nbsp; &nbsp;社区策划实施“红色管家”和“遇见·与爱同行”志愿服务项目。“红色管家”以“居民点单—社区派单—志愿者接单—群众评单”运作方式精准对接服务，疫情防控期间在全市率先推出“红色代办”、“红色快递驿站”和“线上线下”采购配送服务，115名红色管家累计服务5万余小时，极大地帮助居民解决生活所需。“遇见·与爱同行”采用“社工+志愿者”模式，由春语儿童康复中心组织合肥和瑞等6家出租车公司共600余名志愿者为重残人群提供免费乘车服务，累计服务400余人次、服务时长300多小时。“红色管家”荣获安徽省月评十佳学雷锋优秀典型；“遇见·与爱同行”荣获合肥市学雷锋四个十最佳志愿服务项目。</p><p style=\"text-indent: 2em;\"><img src=\"https://chinavolunteer.mca.gov.cn/NVSIDF/LEAP/Download/default/news?fileid=814e200bb8894e2bba74b22e7a9379cc\" alt=\"\" data-href=\"\" style=\"\"></p><p style=\"text-indent: 2em;\"> &nbsp; &nbsp; &nbsp; &nbsp;共治共享，打造“4个下沉服务”</p><p style=\"text-indent: 2em;\"><strong> &nbsp; &nbsp; &nbsp; &nbsp;一是组织下沉，搭建共治共享平台。</strong>在小区成立党支部，成立共治委员会，推动志愿服务力量融入社区治理，构建党建领航、多元共治的平台，变物业“独角戏”为共治“大合唱”。<strong>二是资源下沉，夯实共治共享基础。</strong>建成红色驿站、学雷锋志愿服务站、志愿服务广场、家园议事厅、党员活动室、家风家训馆、老年活动室以及志愿、爱心等5个特色楼栋。<strong>三是权责下沉，创立共治共享机制。</strong>建立家园共治委员会议事制度，赋予共治委员会多项职责，组建党员先锋队、“红色管家”等7支志愿服务队伍，为居民开展分类贴身服务。<strong>四是载体下沉，拓宽共治共享渠道。</strong>组织小区党员亮明身份，认领志愿服务项目，发挥所长，服务居民，争当先锋，开展爱心助学、爱心敲门、睦邻友好、志愿大篷车各类项目化公益服务300余次。</p><p style=\"text-indent: 2em;\"><img src=\"https://chinavolunteer.mca.gov.cn/NVSIDF/LEAP/Download/default/news?fileid=4384ab059d4f461a838449300ed194ab\" alt=\"\" data-href=\"\" style=\"\"></p><p style=\"text-indent: 2em;\"> &nbsp; &nbsp; &nbsp; &nbsp;拓展阵地，打造“8个实践站点”</p><p style=\"text-indent: 2em;\"> &nbsp; &nbsp; &nbsp; &nbsp;延伸社区文明实践站触角，拓展打造8个文明实践点，覆盖全部9个居民小区，社区党委书记靠前指挥、各支部书记冲在一线，形成“社区—小区—楼栋”三级志愿服务网络，明确工作站制度、工作职责和运作流程。建立百合花园小区等8个实践点和基地，经常开展“红色代办”、植绿护绿、爱心义诊、免费理发、扶残助老、法律咨询、家电维修、技能培训等活动；每年召开志愿服务奖评会，共评出李泽翠、钱丛爱等21名“社区最美志愿者”。</p>'),(385270687188783104,'<p><br></p><table style=\"width: auto; text-align: start;\"><tbody><tr><th colspan=\"1\" rowspan=\"1\" width=\"auto\" style=\"text-align: left;\">项目地点：</th><td colspan=\"1\" rowspan=\"1\" width=\"auto\">北京市密云区结核病防治所</td><th colspan=\"1\" rowspan=\"1\" width=\"auto\" style=\"text-align: left;\">发布日期：</th><td colspan=\"1\" rowspan=\"1\" width=\"auto\">2023-11-21</td></tr><tr><th colspan=\"1\" rowspan=\"1\" width=\"auto\" style=\"text-align: left;\">项目日期：</th><td colspan=\"1\" rowspan=\"1\" width=\"auto\">2023-12-31 至 2023-12-31</td><th colspan=\"1\" rowspan=\"1\" width=\"auto\" style=\"text-align: left;\">服务对象：</th><td colspan=\"1\" rowspan=\"1\" width=\"auto\"></td></tr><tr><th colspan=\"1\" rowspan=\"1\" width=\"auto\" style=\"text-align: left;\">志愿者保障:</th><td colspan=\"1\" rowspan=\"1\" width=\"auto\">提供饮水</td></tr></tbody></table><p><br></p>'),(385270957926912001,'<p><br></p><p><br></p><table style=\"width: auto;\"><tbody><tr><th colspan=\"1\" rowspan=\"1\" width=\"auto\" style=\"text-align: left;\">项目地点：</th><td colSpan=\"1\" rowSpan=\"1\" width=\"auto\">丰年里社区新时代文明实践站</td><th colspan=\"1\" rowspan=\"1\" width=\"auto\" style=\"text-align: left;\">发布日期：</th><td colSpan=\"1\" rowSpan=\"1\" width=\"auto\">2023-11-29</td></tr><tr><th colspan=\"1\" rowspan=\"1\" width=\"auto\" style=\"text-align: left;\">项目日期：</th><td colSpan=\"1\" rowSpan=\"1\" width=\"auto\">2023-11-30 至 2023-11-30</td><th colspan=\"1\" rowspan=\"1\" width=\"auto\" style=\"text-align: left;\">服务对象：</th><td colSpan=\"1\" rowSpan=\"1\" width=\"auto\"></td></tr><tr><th colspan=\"1\" rowspan=\"1\" width=\"auto\" style=\"text-align: left;\">志愿者保障:</th><td colSpan=\"1\" rowSpan=\"1\" width=\"auto\">提供饮水</td></tr></tbody></table><table style=\"width: auto; text-align: start;\"><tbody><tr><th colspan=\"3\" rowspan=\"1\" width=\"auto\" style=\"text-align: left;\"><em>岗位1：讲解员</em> <em>计划招募：1</em> <em>已招募：</em></th></tr><tr><th colspan=\"1\" rowspan=\"1\" width=\"auto\" style=\"text-align: left;\">岗位编号</th><th colspan=\"1\" rowspan=\"1\" width=\"auto\" style=\"text-align: left;\">岗位描述</th><th colspan=\"1\" rowspan=\"1\" width=\"auto\" style=\"text-align: left;\">岗位条件</th></tr><tr><td colspan=\"1\" rowspan=\"1\" width=\"auto\">P12011023110028585-01</td><td colspan=\"1\" rowspan=\"1\" width=\"auto\">讲解肺结核ppt</td><td colspan=\"1\" rowspan=\"1\" width=\"auto\">无<br><span style=\"color: rgb(204, 0, 0); font-size: 14px;\">项目详情</span> <span style=\"color: rgb(51, 51, 51); font-size: 14px;\">报名信息</span> <span style=\"color: rgb(51, 51, 51); font-size: 14px;\">时长公示<br></span></td></tr></tbody></table><p>为居民讲解如何防治肺结核</p><p><br></p>'),(385271313876520960,'<h2 style=\"text-align: center;\">广州市志愿服务规定</h2><p><span style=\"color: rgb(51, 51, 51); font-size: 14px;\">日期： 2023-02-10</span> <span style=\"color: rgb(51, 51, 51); font-size: 14px;\">来源： 广州市民政局官网</span></p><p><br></p><p style=\"text-indent: 2em;\">（2022年11月25日广州市第十六届人民代表大会常务委员会第八次会议通过 2023年1月9日广东省第十三届人民代表大会常务委员会第四十八次会议批准）</p><p style=\"text-indent: 2em;\">第一条 &nbsp;为了保障志愿者、志愿服务组织、志愿服务对象的合法权益，鼓励和规范志愿服务，弘扬志愿服务精神，推动志愿服务活动，促进社会文明进步，根据《志愿服务条例》和有关法律法规，结合本市实际，制定本规定。</p><p style=\"text-indent: 2em;\">第二条 &nbsp;本规定适用于本市行政区域内开展的志愿服务以及与志愿服务有关的活动。</p><p style=\"text-indent: 2em;\">第三条 &nbsp;市、区精神文明建设指导机构负责建立志愿服务工作协调机制，统筹规划本行政区域内的志愿服务事业发展，加强对志愿服务工作的协调指导、督促检查和经验推广。</p><p style=\"text-indent: 2em;\">第四条 &nbsp;市、区人民政府应当将志愿服务事业纳入国民经济和社会发展规划，制定促进志愿服务事业发展的政策和保障措施，将志愿服务事业发展经费列入本级财政预算。</p><p style=\"text-indent: 2em;\">镇人民政府、街道办事处应当加强对辖区内开展志愿服务活动的指导，根据实际情况在资金、场地、项目等方面提供支持和帮助，并协助有关部门做好与志愿服务相关工作。</p><p style=\"text-indent: 2em;\">第五条 &nbsp;市民政部门负责本市行政区域内志愿服务行政管理工作，组织实施本规定。区民政部门负责本行政区域内志愿服务行政管理工作。</p><p style=\"text-indent: 2em;\">发展改革、教育、财政、生态环境、住房城乡建设、商务、文化广电旅游、卫生健康、应急管理、互联网信息、体育、来穗人员服务管理、政务服务数据管理等有关部门和消防救援机构按照各自职责，负责与志愿服务有关的工作。</p><p style=\"text-indent: 2em;\">第六条 &nbsp;共产主义青年团委员会应当做好青年志愿服务工作，配合民政部门做好志愿服务教育培训、信息化和宣传等工作。</p><p style=\"text-indent: 2em;\">工会、妇女联合会、红十字会、残疾人联合会等其他有关人民团体和群众团体应当在各自工作范围内做好相应的志愿服务工作。</p><p style=\"text-indent: 2em;\">第七条 &nbsp;市民政部门应当会同共产主义青年团广州市委员会等有关单位建立健全志愿服务数据的采集管理机制，按照统一的数据标准，做好全市志愿服务数据采集汇聚、共享开放、流通融合等管理工作，形成全市统一的志愿服务信息系统，实现与本省志愿服务信息平台、全国志愿服务信息系统互联互通。</p><p style=\"text-indent: 2em;\">民政部门、共产主义青年团委员会和有关单位应当为有关组织和个人开展志愿服务信息发布、供需对接、信息记录和证明出具等提供指引和支持。</p><p style=\"text-indent: 2em;\">志愿服务信息系统的管理者应当依法管理志愿者、志愿服务组织和志愿服务对象等单位和个人的信息，确保收集或者系统用户发布的个人信息安全，并公布投诉、举报方式，及时受理和处理有关投诉和举报。</p><p style=\"text-indent: 2em;\">第八条 &nbsp;国家机关、企业事业单位、人民团体、社会组织等成立志愿服务团体的，所在单位应当对所成立的志愿服务团体实施管理，并提供必要的支持和便利条件。</p><p style=\"text-indent: 2em;\">镇人民政府、街道办事处应当对在城乡社区成立的志愿服务团体实施分类管理和指导，村民委员会、居民委员会予以协助。</p><p style=\"text-indent: 2em;\">鼓励具备条件的志愿服务团体，依法登记为志愿服务组织。</p><p style=\"text-indent: 2em;\">第九条 &nbsp;鼓励和引导志愿者加入志愿服务组织，依托志愿服务组织向社会提供多元化日常志愿服务。加入志愿服务组织的志愿者，可以同时加入开展志愿服务活动的其他组织或者志愿服务团体。</p><p style=\"text-indent: 2em;\">志愿服务组织应当依法建立志愿者服务管理制度，在志愿者提供服务过程中给予指导、协调、监督，并建立服务对象对志愿者服务质量反馈机制。对未按照约定提供志愿服务并造成不良影响的志愿者，按照管理制度依法予以处理。</p><p style=\"text-indent: 2em;\">第十条 &nbsp;履行工作职务行为、有偿服务等不属于志愿服务的活动，不得进行志愿服务信息记录、出具志愿服务记录证明。</p><p style=\"text-indent: 2em;\">市民政部门应当会同有关部门和志愿服务行业组织制定志愿服务信息记录和证明出具的操作指引，并向社会公布。</p><p style=\"text-indent: 2em;\">第十一条 &nbsp;志愿服务组织和志愿服务团体可以根据自身优势和城乡社区服务对象的需求，在家政服务、心理疏导、医疗保健、生态环境、文体活动、社区治理、法律服务等领域开发设计并实施有针对性的志愿服务项目。</p><p style=\"text-indent: 2em;\">民政部门和镇人民政府、街道办事处应当采取措施支持志愿服务组织和志愿服务团体，向困难群众和特殊群体提供常态化志愿服务。</p><p style=\"text-indent: 2em;\">第十二条 &nbsp;体育赛事、文化交流和展会等大型活动招募志愿者的，主办单位应当为志愿者提供人身意外伤害保险、服装、交通、餐饮、医疗、临时休息场所、物资等保障。</p><p style=\"text-indent: 2em;\">共产主义青年团委员会应当组织和支持青年志愿者参与大型活动的志愿服务活动，建立大型活动志愿服务工作机制，协助主办单位做好志愿者招募、培训上岗、现场调配、后勤保障、考核、激励、宣传等组织和管理工作。</p><p style=\"text-indent: 2em;\">第十三条 &nbsp;应急管理、卫生健康等部门和消防救援机构应当支持基层应急志愿服务工作，指导志愿者参与突发事件应对知识的科普宣传教育。</p><p style=\"text-indent: 2em;\">发生重大自然灾害、事故灾难和公共卫生事件等突发事件，需要迅速开展救助的，市、区人民政府应当建立应急志愿服务协调机制，及时发布志愿服务需求信息，规范志愿者、志愿服务团体、志愿服务组织有序开展抢险救灾、疫情防控等应急志愿服务，并提供必要的个人防护和专业指导；志愿者、志愿服务团体、志愿服务组织应当接受统一的应急指挥协调。</p><p style=\"text-indent: 2em;\">第十四条 &nbsp;市、区人民政府及其有关部门应当支持志愿服务组织参加社会组织等级评估，并将评估结果作为财政扶持、购买服务、评比表彰的参考依据。</p><p style=\"text-indent: 2em;\">第十五条 &nbsp;志愿服务行业组织可以建立志愿者星级评价制度。志愿者的星级可以作为表彰、奖励、优待、回馈志愿者的参考依据。</p><p style=\"text-indent: 2em;\">第十六条 &nbsp;市人民政府应当按照国家、省有关规定和本市实际制定志愿者优待措施，并对有良好志愿服务记录的志愿者在办理承租公共租赁住房，或者积分制入户等积分制服务事项时给予优先或者加分等。</p><p style=\"text-indent: 2em;\">志愿服务组织和开展志愿服务活动的其他组织可以依托志愿服务记录，通过志愿者奖励回馈、会员互助服务等方式，激励志愿者参与志愿服务活动。</p><p style=\"text-indent: 2em;\">第十七条 &nbsp;鼓励保险机构与志愿服务组织合作，设计开发符合志愿服务特点、适应志愿服务发展需要的保险产品，为志愿者开展志愿服务活动购买保险提供便利。</p><p style=\"text-indent: 2em;\">第十八条 &nbsp;民政部门应当采取措施，推动慈善、社会工作和志愿服务协同发展，支持志愿者和社会工作者共同开展志愿服务活动。</p><p style=\"text-indent: 2em;\">社会工作服务机构和社会工作者可以发挥专业优势，在需求对接、项目设计、活动实施、队伍培育等方面支持志愿服务活动。</p><p style=\"text-indent: 2em;\">志愿服务组织可以与慈善组织合作，依法为志愿服务活动和服务对象募集慈善资源。</p><p style=\"text-indent: 2em;\">第十九条 &nbsp;本市倡导培育和发展具有地方特色的志愿服务文化，将志愿服务作为培育和践行社会主义核心价值观的方式，纳入居民公约、村规民约、学生守则、行业规范等。</p><p style=\"text-indent: 2em;\">市精神文明建设指导机构应当会同市民政部门、共产主义青年团广州市委员会等单位推广使用志愿服务标志，制定志愿服务服装基本样式，推介志愿服务项目，传播志愿服务文化，宣传先进典型等。每年三月为“广州市学雷锋志愿服务月”。</p><p style=\"text-indent: 2em;\">第二十条 &nbsp;市民政部门应当会同共产主义青年团广州市委员会指导志愿服务行业组织、志愿者培训机构等单位，开发设计志愿服务培训课程，建立志愿服务工作者、志愿者分类培训体系，推进志愿服务专业化发展。</p><p style=\"text-indent: 2em;\">鼓励和支持高校、科研机构、广州志愿者学院等专业机构开展志愿服务理论研究，推动广州志愿服务标准体系建设。</p><p style=\"text-indent: 2em;\">第二十一条 &nbsp;支持和推进建立粤港澳大湾区志愿服务联动和常态化交流合作机制，推动志愿者身份互认、资讯互通、记录互认、激励共享，促进志愿服务事业融合发展。</p><p style=\"text-indent: 2em;\">支持和推进志愿服务国际交流合作，培育志愿服务国际人才，推动志愿者队伍国际化建设。</p><p style=\"text-indent: 2em;\">第二十二条 &nbsp;志愿服务组织应当建立志愿服务投诉机制，畅通投诉渠道，及时处理与本组织开展志愿服务活动相关服务态度、服务质量等投诉，并及时向服务对象反馈。</p><p style=\"text-indent: 2em;\">任何组织和个人发现志愿服务相关违法违规行为，可以向民政部门、其他有关部门或者志愿服务行业组织投诉、举报。民政部门、其他有关部门或者志愿服务行业组织应当依法及时处理、反馈。</p><p style=\"text-indent: 2em;\">第二十三条 &nbsp;志愿服务组织违反本规定第十条规定，不依法记录志愿服务信息或者出具志愿服务记录证明的，由民政部门依照《志愿服务条例》及相关法律法规的规定处理。</p><p style=\"text-indent: 2em;\">第二十四条 &nbsp;民政部门和其他有关部门及其工作人员违反本规定，未依法履行职责的，由有权机关责令改正，对直接负责的主管人员和其他直接责任人员依法给予处分；构成犯罪的，依法追究刑事责任。</p><p style=\"text-indent: 2em;\">第二十五条 &nbsp;本规定自2023年3月5日起施行，《广州市志愿服务条例》同时废止。</p><p style=\"text-indent: 2em;\"><br></p><p><br></p>'),(385271879411306496,'<p><br></p><h5 style=\"text-align: center;\">共青团中央、中国青年志愿者协会发布《中国青年志愿者标志基本规范》</h5><h3 style=\"text-align: center;\"></h3><p>中国青年志愿者网：http://www.zgzyz.org.cn/   日期：2020-04-28</p><p>来源：中国青年报</p><p><br></p><p> &nbsp; &nbsp;本报讯（中青报·中青网记者 陈凤莉）近日，共青团中央、中国青年志愿者协会发布《中国青年志愿者标志基本规范》，对中国青年志愿者标志“心手标”的使用作出规范性要求。</p><p> &nbsp; &nbsp;《中国青年志愿者标志基本规范》明确“心手标”是经团中央批准的中国青年志愿者和青年志愿者组织的象征和标志，对其使用规范、管理要求、监管责任、制作标准等作出了规定；明确团中央和中国青年志愿者协会对“心手标”拥有著作权和注册商标专用权，强调“心手标”禁止任何形式的商业目的使用或其他不当使用。</p><p> &nbsp; &nbsp;中国青年志愿者协会同时发布了《中国青年志愿者标志（“心手标”）应用场景规范示例2020版》，为“心手标”在志愿者服装、装备、工作站、室外展示等主要应用场景的呈现提供了便捷使用的规范示例。“规范示例”将聚焦志愿服务各主要场景和青年需求定期发布，2020版由中国青年志愿者协会委托中国美术学院研发。</p><p> &nbsp; &nbsp;1994年2月24日，共青团中央向全社会发布了“心手标”，作为中国青年志愿者的统一标志。20多年来，“心手标”广泛应用于大型赛会、扶贫支教、应急救援、海外服务等志愿服务场景，成为最受志愿者欢迎、传播最为广泛、最具影响力和标志性的中国志愿服务文化符号，生动诠释了“奉献、友爱、互助、进步”的志愿精神。</p>'),(385272174937772032,'<p><br></p><p><br>　　“请党放心、强国有我”的青春誓言</p><p><img src=\"http://zgzyz.cyol.com/images/attachement/jpg/site42/20210825/IMG57987523896.jpg\" alt=\"\" data-href=\"\" style=\"\"/></p><p><strong> 刚接到大学通知书</strong></p><p><strong> 他就捐零花钱扛物资</strong></p><p><strong> 冲上防汛救灾一线</strong></p><p>　　一场灾难，让00后的孩子扛起责任。</p><p>　　“我要去做一名志愿者！”</p><p>　　7月20日，郑州遭遇特大暴雨。康博涵，一名刚刚收到广西艺术学院录取通知书的郑州00后，看到许多人有危险、有困难，许多地方需要去抢险救援，内心第一时间浮现出了这句话。</p><p><img src=\"http://zgzyz.cyol.com/images/attachement/jpg/site42/20210825/IMG57987524897.jpg\" alt=\"\" data-href=\"\" style=\"\"/></p><p>　　为此，康博涵首先到社区、办事处报到，申请成为抗汛救灾志愿者。之后，他开始在网上搜找救援志愿信息，主动与救援队伍联系，希望能加入救援队。</p><p>　　然而，因年龄小，康博涵均受到拒绝。但他并不气馁，而是通过网络联络，主动去搬物资、送物资、清淤消毒。</p><p>　　7月22日、23日，康博涵连续两天到河南省红字会、省慈善总会装卸从广西、广东、上海等地运来的救援物资。</p><p><img src=\"http://zgzyz.cyol.com/images/attachement/jpg/site42/20210825/IMG57987525698.jpg\" alt=\"\" data-href=\"\" style=\"\"/></p><p>　　7月24日，康博涵在网上与几名大学生相约捐钱购买食品饮料捐给救援人员，便将自己节省下来的300元零花钱全部捐出，与其他3名大学生购买了20箱水、10箱面包、10箱方便面、4箱火腿肠，送到了帝湖社区救援现场。</p><p>　　7月25日，郑州市未来办事处召集志愿者到单位和社区清淤扫除，康博涵积极响应；7月26日，得知省直工委志愿者到城南路社区开展消毒大扫除活动后，康博涵与同样是准大学生的堂哥康一童，顾不上吃早饭就跑了过去，抢着干重活、累活。</p><p><img src=\"http://zgzyz.cyol.com/images/attachement/jpg/site42/20210825/IMG57987526599.jpg\" alt=\"\" data-href=\"\" style=\"\"/></p><p>　　7月26日晚8点，看到社区信息群征集志愿者装卸物资、连夜拉运到新乡灾区去的相关信息，康博涵与堂哥再次出发，一直干到夜里十二点多。</p><p>　　灾难无情，人间有爱，年龄不能阻挡一颗助人救人的热心。</p><p><strong> 助力安阳有我在！</strong></p><p><strong> “00后”志愿者化身</strong></p><p><strong> “24小时通讯员”</strong></p><p>　　“您好！这里是安阳市物资捐赠点，请问您是以个人名义还是集体名义捐赠……”7月28日晚上11点，在安阳市正一中学防汛物资临时存放点，20岁的“00后”大学生志愿者刘永杰，还在接听社会爱心人士的电话。</p><p>　　“十分钟后，会有对接组工作人员再与您对接联系，感谢您的慷慨捐赠！”挂完电话，刘永杰将爱心人士联系方式、捐赠物资种类及数量、车牌号等信息一一记录。</p><p><img src=\"http://zgzyz.cyol.com/images/attachement/jpg/site42/20210825/IMG5798753000.jpg\" alt=\"\" data-href=\"\" style=\"\"/></p><p>　　7月25日，安阳市发布《防汛救灾物资接受社会捐赠公告》，社会各界爱心人士纷纷伸出援助之手，致电安阳市红十字会、慈善总会及市防汛抗旱指挥部后勤物资保障组。</p><p>　　“一时间，热线电话超负荷运转，呼叫量暴增。”安阳市慈善总会相关负责人说，“大家打电话来都是想沟通联络物资捐献的事情，载着救援物资的车辆也从全国各地纷涌而来。”</p><p><img src=\"http://zgzyz.cyol.com/images/attachement/jpg/site42/20210825/IMG5798753081.jpg\" alt=\"\" data-href=\"\" style=\"\"/></p><p>　　为高效率对接社会爱心人士完成物资捐赠，确保社会救援物资能够快速准确地到达需求地区，7月27日晚，安阳市团市委紧急成立专项青年志愿者团队，助力爱心援助工作，二十四小时内完成招募培训工作并全员上岗。目前已上岗40人，培训后备志愿者40余人。</p><p>　　这支专项青年志愿者团队平均年龄仅20岁，大多数都是大学生，他们分为热线组、对接组、外勤组等。其中，热线组志愿者协助相关部门接听热线电话，并对来电内容进行记录；对接组志愿者负责专人对接，对捐赠信息进行回访并提供受捐赠目的地信息、最新路况、跟踪物资到达情况等；外勤组则根据捐赠情况跟车接待。</p><p>　　“疫情期间，我们这里面大多数人都做过志愿者，今年安阳突发汛情，我们更要闻‘汛’而动，贡献一份微薄之力。”这支团队的小组长苏琛翔笑着说，“他们男生一般都会在晚上值班，女孩子为了安全起见，只值白班。”</p><p>　　“这些年轻的志愿者们以‘三班倒’的接力形式，24小时在线解决社会爱心人士在物资捐赠过程中存在的问题，确保每一批社会爱心救援物资都能够及时准确到达受灾地区。”团安阳市委相关负责人说。</p><p><strong> 凌晨一点的郑州</strong></p><p><strong> “Z世代”有个“秘密行动”</strong></p><p>　　7月24日凌晨1点，在郑州市郑东新区管委会附近的金融智谷北门，桂杨旸正在搬运物资，汗水顺着脸颊流下，褐色发丝粘贴在额头。</p><p>　　与周边成山的救灾物资相比，1.71米的她依然娇弱。体重还不到50公斤，可精神劲儿好的很，接货、传货，扭腰、抬臂，一气呵成，丝毫不输队伍里的男孩子。她说：“来这里就是干活的，哪有那么多的娇气？”</p><p>　　不娇气的她，是这个队伍中的一员。而这支队伍，又是这几天郑州防汛救灾中涌现出来的众多志愿者队伍之一。团郑州市委志愿者工作部工作人员周女士介绍，截至目前，她们登记在册的参与救灾活动的志愿者将近5万人，他们来自全国各个地方。</p><p>　　桂杨旸是郑州本地人，1996年出生，留学澳大利亚多年。由于疫情原因，去年至今她一直在家网课学习，最近学校“寒假”，恰逢郑州暴雨成灾，果断上街参与志愿服务，至今已经参与志愿服务三天。</p><p>　　她这个年龄的人，在互联网世界还有一个标签性的词：“Z世代”。生于“Z世代”的桂杨旸，身上特质之一是热血。妈妈杨莉蔚说，她既坚强又热心，看到谁有困难，那是一定会伸手帮忙的。</p><p>　　如今，桂杨旸的热血就化作了不计酬劳的志愿行动。</p><p>　　7月23日，当天白天她在郑州市金水区经八路街道办事处给老人们送物资，晚上回到家洗过澡快要休息时，桂杨旸所在的志愿者微信群里来了信息。</p><p>　　“外地的救援物资车到了郑东新区管委会附近的金融智谷办公楼下，需卸货，谁来？”</p><p>　　她没犹豫，回复了个“去”字，就起身喊爸爸叫堂姐。</p><p>　　“这时候卸货正需要人，谁也别想跑，都得跟我去。”她说。和她住在一起的堂姐桂思雨很快跟着她出门，“堂妹一热血，我们只能无条件跟着热血。”　</p><p>　　除了她们一家人，分散在郑州各个角落里的志愿者们得到信息，也都纷纷而来。将近12点的时候，装卸货点已经聚集了很多人，有三五好友一起来的，有儿女跟着父母一起来的……据负责统计物资详情的慈善会工作人员介绍，全部志愿者加起来，有四五百人。</p><p>　　身份虽异，但目标相同。他们干起来毫不含糊，衣服湿了，脸上布满汗水。两个小时后，当晚的这个急活儿终于告一个段落。</p><p>　　作为志愿者之一的纬五路第二小学班主任桂思雨说：“中国人有一种‘别人有难，各方支援’的传统，这种精神刻在骨子里，已成为民族性格的一部分。随着中国越来越强大，像桂杨旸这样的人只会越来越多，她们愿意为社会多作贡献，为别人多提供帮助。”</p><p>　　“根据我们的统计，这几天活跃在郑州的志愿者以95后为主，占了绝大部分。”团郑州市委志愿者工作部工作人员说，“她们真正成长起来了，懂得生活，也担得责任。”</p><p>　　洪水无情，人间有爱</p><p>　　一个个奋不顾身的平凡英雄</p><p>　　拨开我们城市上空的阴霾</p><p>　　让我们始终相信雨会停，天会晴</p><p>　　向平凡英雄致敬</p><p>　　河南，加油！</p><p><strong> 青年志愿者辛苦了</strong></p><p><strong> 这有一份属于你们的专属保障！</strong></p><p>　　河南灾情严重，牵动人心，河南青年志愿者们闻“汛”而动，冲锋在前，主动担当使命，展现青春力量。为给青年志愿者们提供有力保障，解决志愿者们开展防汛救灾应急志愿服务的后顾之忧，河南省青年志愿者协会联合腾讯公益慈善基金会，携手腾讯微保推出“河南防汛救灾志愿者专属保障”，为防汛救灾志愿者提供30万元的专属风险保障。</p><p>　　为了让防汛救灾的青年志愿者们详细了解这项保险，以下列举了大家可能比较关心的几个问题。</p><p>　　一、 哪些防汛救灾志愿者们可以领取这份保险？</p><p>　　参与河南省防汛救灾的志愿者（年龄在18-65周岁），均可领取该专属保障。该保障自2021年7月21日0点—8月21日24点。</p><p>　　二、 这份保险的保障责任都有哪些？</p><p>　　考虑到此次灾情的特殊性及各类风险因素，“河南防汛救灾志愿者专属保障”为冲在防汛救灾一线的志愿者们提供覆盖门诊医疗、伤残身故、特定传染病等多项保障内容。</p><p>　　1. 门诊医疗保险金，被保险人在从事志愿服务期间因意外、急性病在门诊就医产生的费用最高可赔付2000元；</p><p>　　2. 住院医疗保险金，被保险人在从事志愿服务期间因意外、急性病就医产生的住院医疗费用，最高可赔付3万元；</p><p>　　3. 保障期限内，被保险人在从事志愿服务期间遭受意外伤害身故或意外伤残，最高可赔付20万元；</p><p>　　4. 考虑到志愿者、救援人员在救灾过程中可能面临的潜在传染病感染风险，“河南志愿者专属保障”还提供特定传染病保障（含重症保险金、住院津贴、隔离津贴），最高赔付10万元。</p><p>　　三、 如何投保？</p><p>　　为了让更多一线志愿者加入保障范围，河南省青年志愿者协会联合腾讯微保开通个人投保通道，可直接用手机扫下方二维码获取保障，开放截止2021年8月3日。若问卷关闭，志愿者机构可联系bettycao@wesure.cn。</p><p>　　投保成功后，志愿者将通过短信收到个人的保单及保障信息。</p><p><img src=\"http://zgzyz.cyol.com/images/attachement/jpg/site42/20210825/IMG5798755605.jpg\" alt=\"\" data-href=\"\" style=\"\"/></p><p>　　四、万一出险了，如何理赔？</p><p>　　腾讯微保为“河南防汛救灾志愿者专属保障”提供专属服务通道，一旦有志愿者报案，平台将立即通过绿色理赔通道提供一对一的管家理赔服务。</p><p>　　第1步：理赔报案</p><p>　　拨打4000695522申请报案。</p><p>　　第2步：提交理赔资料</p><p>　　通过理赔工作人员提示，提交相关理赔资料。鉴于志愿者保障涵盖多个险种，具体需要资料以报案时工作人员提供的指引为准。</p><p>　　第3步：完成理赔</p><p>　　根据审核结果将理赔款项支付到被保人指定账户。</p><p>　　微光汇聚，风雨同舟</p><p>　　请青年志愿者们在救援过程中</p><p>　　一定注意安全！</p><p>　　青春志愿行，奉献新时代！</p><p>【责任编辑：郭艳丽】</p>'),(385272787373264897,'<p><br></p><p><br></p><table style=\"width: auto;\"><tbody><tr><th colspan=\"1\" rowspan=\"1\" width=\"auto\" style=\"text-align: left;\">项目地点：</th><td colSpan=\"1\" rowSpan=\"1\" width=\"auto\">北京市</td><th colspan=\"1\" rowspan=\"1\" width=\"auto\" style=\"text-align: left;\">发布日期：</th><td colSpan=\"1\" rowSpan=\"1\" width=\"auto\">2023-11-29</td></tr><tr><th colspan=\"1\" rowspan=\"1\" width=\"auto\" style=\"text-align: left;\">项目日期：</th><td colSpan=\"1\" rowSpan=\"1\" width=\"auto\">2023-11-29 至 2023-12-05</td><th colspan=\"1\" rowspan=\"1\" width=\"auto\" style=\"text-align: left;\">服务对象：</th><td colSpan=\"1\" rowSpan=\"1\" width=\"auto\">儿童,其他</td></tr><tr><th colspan=\"1\" rowspan=\"1\" width=\"auto\" style=\"text-align: left;\">志愿者保障:</th><td colSpan=\"1\" rowSpan=\"1\" width=\"auto\">其他</td></tr></tbody></table><table style=\"width: auto; text-align: start;\"><tbody><tr><th colspan=\"3\" rowspan=\"1\" width=\"auto\" style=\"text-align: left;\"><em>岗位1：《知识就是力量》科学小记者</em> <em>计划招募：50</em> <em>已招募：2</em></th></tr><tr><th colspan=\"1\" rowspan=\"1\" width=\"auto\" style=\"text-align: left;\">岗位编号</th><th colspan=\"1\" rowspan=\"1\" width=\"auto\" style=\"text-align: left;\">岗位描述</th><th colspan=\"1\" rowspan=\"1\" width=\"auto\" style=\"text-align: left;\">岗位条件</th></tr><tr><td colspan=\"1\" rowspan=\"1\" width=\"auto\">P1000002311000716P-01</td><td colspan=\"1\" rowspan=\"1\" width=\"auto\">科普知识讲解</td><td colspan=\"1\" rowspan=\"1\" width=\"auto\">6-18岁有服务意识的科普志愿者<br><span style=\"color: rgb(204, 0, 0); font-size: 14px;\">项目详情</span> <span style=\"color: rgb(51, 51, 51); font-size: 14px;\">报名信息</span> <span style=\"color: rgb(51, 51, 51); font-size: 14px;\">时长公示<br></span></td></tr></tbody></table><p>一、活动内容 招募小小科普志愿者，发挥专业优势，为孩子们进行铁路主题科普知识讲解，引导孩子们了解中国铁路发展中的技术发展，让青少年领略中国铁路事业。 二、组织机构 主办方：《知识就是力量》杂志社 承办方：北京知力科学文化传播有限公司 三、活动主题：铁路主题科普志愿活动 四、活动地点 北京市西城区白纸坊东街2号北京文化创新工场12层 五、活动时间 即日起——2023年12月5日，任选一天，讲解1小时</p><p><br></p>');
/*!40000 ALTER TABLE `content` ENABLE KEYS */;
UNLOCK TABLES;

--
-- Table structure for table `doc`
--

DROP TABLE IF EXISTS `doc`;
/*!40101 SET @saved_cs_client     = @@character_set_client */;
/*!40101 SET character_set_client = utf8 */;
CREATE TABLE `doc` (
  `id` bigint(20) NOT NULL COMMENT 'id',
  `ebook_id` bigint(20) NOT NULL DEFAULT '0' COMMENT '电子书id',
  `parent` bigint(20) NOT NULL DEFAULT '0' COMMENT '父id',
  `name` varchar(50) NOT NULL COMMENT '名称',
  `sort` int(11) DEFAULT NULL COMMENT '顺序',
  `view_count` int(11) DEFAULT '0' COMMENT '阅读数',
  `vote_count` int(11) DEFAULT '0' COMMENT '点赞数',
  PRIMARY KEY (`id`)
) ENGINE=InnoDB DEFAULT CHARSET=utf8mb4 COMMENT='文档';
/*!40101 SET character_set_client = @saved_cs_client */;

--
-- Dumping data for table `doc`
--

LOCK TABLES `doc` WRITE;
/*!40000 ALTER TABLE `doc` DISABLE KEYS */;
INSERT INTO `doc` VALUES (384166398877896704,384166227481858048,0,'家和万事兴',1,23,2),(384167289236361216,384167167341498368,0,'人人积德行善 个个收获吉祥',0,5,1),(384167771791036416,384167658599354368,0,'共产党好百姓乐',0,4,1),(384194769519251456,384194671301234688,0,'肩挑勤与善 好日子如歌',1,1,1),(384195021106188289,384194949165486080,0,'春光正好 圆梦此时',2,0,0),(384195257149034496,384195145945452544,0,'中华圆梦 万马奔腾',3,0,0),(384195487898669056,384195367740248064,0,'中华有福 勤劳是福',1,0,0),(384195776093491201,384195572636192769,0,'代代孝辈辈福',4,0,0),(384195975759138816,384195875641102337,0,'节俭传下去 中国万年福',5,0,0),(384196175135379456,384196070831427585,0,'辛勤劳动 万事如意',5,0,0),(384196360565559297,384196284162117632,0,'勤善为本 吉祥满门',43,0,0),(384196530611032065,384196455738511360,0,'和气致祥',34,0,0),(384196746055651328,384196639507746817,0,'朝夕奔梦',23,0,0),(384196959143071744,384196887844098048,0,'和满中华',23,0,0),(384197248688459777,384197060662005760,0,'勤劳结硕果 锣鼓庆丰收',13,0,0),(384225513511718912,384224753751298048,0,'关于我要求助',1,171,2),(385018234652463104,385017761631440896,0,'视屏测试',1,11,0),(385028425263484928,385017761631440896,0,'本地视频测试',1,0,0),(385268119557509120,385268030722150400,0,'讲文明树新风',1,0,0),(385268410789007360,385268301758074881,0,'\"育见未来 行动让美好发生\"——《2023中国中学生公益实践白皮书》发布会在京举办',1,1,0),(385268885953318912,385268783666827265,0,'成都晚报社雷锋热线志愿服务项目',1,0,0),(385269363818762240,385269257690288129,0,'让学习雷锋精神在祖国大地蔚然成风',1,0,0),(385269733836066817,385269603636482048,0,'第九届世界和平论坛志愿者',1,1,0),(385270093812207616,385270021561126913,0,'河北省沧州市青县“孝老食堂”志愿服务项目',1,0,0),(385270247948685312,385270177421463553,0,'安徽省合肥市蜀山区井岗镇兴民社区',1,0,0),(385270687188783104,385270578958962689,0,'结核病防治知识宣传 ',1,0,0),(385270957926912001,385270848266833921,0,'百千万志愿者进社区，为居民讲解如何防治肺结核',1,0,0),(385271313876520960,385271202752630785,0,'广州市志愿服务规定',1,0,0),(385271879411306496,385271755268296704,0,'共青团中央、中国青年志愿者协会发布《中国青年志愿者标志基本规范》',1,0,0),(385272174937772032,385272028376207361,0,'致敬青年力量！青春冲锋，逆行而上！',1,0,0),(385272787373264897,385272717512937472,0,'铁路主题科普志愿活动',1,1,1);
/*!40000 ALTER TABLE `doc` ENABLE KEYS */;
UNLOCK TABLES;

--
-- Table structure for table `ebook`
--

DROP TABLE IF EXISTS `ebook`;
/*!40101 SET @saved_cs_client     = @@character_set_client */;
/*!40101 SET character_set_client = utf8 */;
CREATE TABLE `ebook` (
  `id` bigint(20) NOT NULL COMMENT 'id',
  `name` varchar(50) DEFAULT NULL COMMENT '名称',
  `category1_id` bigint(20) DEFAULT NULL COMMENT '分类1',
  `category2_id` bigint(20) DEFAULT NULL COMMENT '分类2',
  `description` varchar(200) DEFAULT NULL COMMENT '描述',
  `cover` varchar(200) DEFAULT NULL COMMENT '封面',
  `doc_count` int(11) NOT NULL DEFAULT '0' COMMENT '文档数',
  `view_count` int(11) NOT NULL DEFAULT '0' COMMENT '阅读数',
  `vote_count` int(11) NOT NULL DEFAULT '0' COMMENT '点赞数',
  PRIMARY KEY (`id`)
) ENGINE=InnoDB DEFAULT CHARSET=utf8mb4 COMMENT='电子书';
/*!40101 SET character_set_client = @saved_cs_client */;

--
-- Dumping data for table `ebook`
--

LOCK TABLES `ebook` WRITE;
/*!40000 ALTER TABLE `ebook` DISABLE KEYS */;
INSERT INTO `ebook` VALUES (384166227481858048,'家和万事兴',384164094225289216,384164229516759040,NULL,'http://images.wenming.cn/web_wenming/wmpy/gygg/hxjzg/202209/W020220914537642924861.jpg',1,23,2),(384167167341498368,'人人积德行善 个个收获吉祥',384164094225289216,384164229516759040,NULL,'http://images.wenming.cn/web_wenming/wmpy/gygg/hxjzg/202209/W020220914537641152337.jpg',1,5,1),(384167658599354368,'共产党好百姓乐',384164094225289216,384164229516759040,NULL,'http://images.wenming.cn/web_wenming/wmpy/gygg/hxjzg/202209/W020220914537638902643.jpg',1,4,1),(384194671301234688,'肩挑勤与善 好日子如歌',384164094225289216,384164229516759040,NULL,'http://images.wenming.cn/web_wenming/wmpy/gygg/hxjzg/202209/W020220914537637124322.jpg',1,1,1),(384194949165486080,'春光正好 圆梦此时',384164094225289216,384164229516759040,NULL,'http://images.wenming.cn/web_wenming/wmpy/gygg/hxjzg/202209/W020220914537635509928.jpg',1,0,0),(384195145945452544,'中华圆梦 万马奔腾',384164094225289216,384164229516759040,NULL,'http://images.wenming.cn/web_wenming/wmpy/gygg/hxjzg/202209/W020220914537633882557.jpg',1,0,0),(384195367740248064,'中华有福 勤劳是福',384164094225289216,384164229516759040,NULL,'http://images.wenming.cn/web_wenming/wmpy/gygg/hxjzg/202209/W020220914537632120354.jpg',1,0,0),(384195572636192769,'代代孝辈辈福',384164094225289216,384164229516759040,NULL,'http://images.wenming.cn/web_wenming/wmpy/gygg/hxjzg/202209/W020220914537630462165.jpg',1,0,0),(384195875641102337,'节俭传下去 中国万年福',384164094225289216,384164229516759040,NULL,'http://images.wenming.cn/web_wenming/wmpy/gygg/hxjzg/202209/W020220914537628223060.jpg',1,0,0),(384196070831427585,'辛勤劳动 万事如意',384164094225289216,384164229516759040,NULL,'http://images.wenming.cn/web_wenming/wmpy/gygg/hxjzg/202209/W020220914537626394404.jpg',1,0,0),(384196284162117632,'勤善为本 吉祥满门',384164094225289216,384164229516759040,NULL,'http://images.wenming.cn/web_wenming/wmpy/gygg/hxjzg/202209/W020220914537624989651.jpg',1,0,0),(384196455738511360,'和气致祥',384164094225289216,384164229516759040,NULL,'http://images.wenming.cn/web_wenming/wmpy/gygg/hxjzg/202209/W020220914537621179855.jpg',1,0,0),(384196639507746817,'朝夕奔梦',384164094225289216,384164229516759040,NULL,'http://images.wenming.cn/web_wenming/wmpy/gygg/hxjzg/202209/W020220914537619212490.jpg',1,0,0),(384196887844098048,'和满中华',384164094225289216,384164229516759040,NULL,'http://images.wenming.cn/web_wenming/wmpy/gygg/hxjzg/202209/W020220914537617076306.jpg',1,0,0),(384197060662005760,'勤劳结硕果 锣鼓庆丰收',384164094225289216,384164229516759040,NULL,'http://images.wenming.cn/web_wenming/wmpy/gygg/hxjzg/202209/W020220914537614970484.jpg',1,0,0),(384224753751298048,'求助相关',384164784737751040,384164998609506304,'提交需要求助的信息','',1,171,2),(385017761631440896,'视频测试',384164462782976000,384164690089086976,'视屏测试','',2,11,0),(385268030722150400,'讲文明树新风',384164094225289216,384164291286274048,NULL,'https://tse2-mm.cn.bing.net/th/id/OIP-C.GDwbekFhd8Z6vVbrfBYs0AHaLG?w=203&h=304&c=7&r=0&o=5&pid=1.7',1,0,0),(385268301758074881,'\"育见未来 行动让美好发生\"——《2023中国中学生公益实践白皮书》发布会在京举办',384164462782976000,384164690089086976,NULL,'',1,1,0),(385268783666827265,'雷锋热线项目介绍',384164784737751040,384164853419479040,NULL,'1',1,0,0),(385269257690288129,'让学习雷锋精神在祖国大地蔚然成风',384164784737751040,384164897321259008,NULL,'http://paper.people.com.cn/rmrb/images/2021-08/16/06/rmrb2021081606_b.jpg址',1,0,0),(385269603636482048,'第九届世界和平论坛志愿者',384164784737751040,384165071909163008,NULL,'',1,1,0),(385270021561126913,'河北省沧州市青县“孝老食堂”志愿服务项目',384164784737751040,384165186833092608,NULL,'',1,0,0),(385270177421463553,'安徽省合肥市蜀山区井岗镇兴民社区',384164784737751040,384165186833092608,NULL,'',1,0,0),(385270578958962689,'结核病防治知识宣传 ',384164784737751040,384165071909163008,NULL,'https://chinavolunteer.mca.gov.cn/site/static/img/0004.4cf6001.png',1,0,0),(385270848266833921,'百千万志愿者进社区，为居民讲解如何防治肺结核',384164784737751040,384165071909163008,NULL,'https://chinavolunteer.mca.gov.cn/site/static/img/0004.4cf6001.png',1,0,0),(385271202752630785,'广州市志愿服务规定',384164784737751040,384165120126881792,NULL,'https://chinavolunteer.mca.gov.cn/site/static/img/imgmtbd.d57e69f.png',1,0,0),(385271755268296704,'共青团中央、中国青年志愿者协会发布《中国青年志愿者标志基本规范》',384165387798974464,384165443469971456,NULL,'',1,0,0),(385272028376207361,'致敬青年力量！青春冲锋，逆行而上！',384165387798974464,384165489103998976,NULL,'http://zgzyz.cyol.com/images/attachement/jpg/site42/20210825/IMG57987523896.jpg',1,0,0),(385272717512937472,'铁路主题科普志愿活动',384165387798974464,384165522457104384,NULL,'https://chinavolunteer.mca.gov.cn/site/static/img/0007.d6a9382.png',0,3,0);
/*!40000 ALTER TABLE `ebook` ENABLE KEYS */;
UNLOCK TABLES;

--
-- Table structure for table `ebook_involved`
--

DROP TABLE IF EXISTS `ebook_involved`;
/*!40101 SET @saved_cs_client     = @@character_set_client */;
/*!40101 SET character_set_client = utf8 */;
CREATE TABLE `ebook_involved` (
  `id` bigint(20) NOT NULL COMMENT '文章主题id',
  `involved` tinyint(1) NOT NULL DEFAULT '0' COMMENT '是否参与',
  `option` tinyint(1) NOT NULL DEFAULT '0' COMMENT '种类  1求助 2报名',
  PRIMARY KEY (`id`)
) ENGINE=InnoDB DEFAULT CHARSET=utf8mb4 COMMENT='电子书是否可参与';
/*!40101 SET character_set_client = @saved_cs_client */;

--
-- Dumping data for table `ebook_involved`
--

LOCK TABLES `ebook_involved` WRITE;
/*!40000 ALTER TABLE `ebook_involved` DISABLE KEYS */;
INSERT INTO `ebook_involved` VALUES (384166398877896704,0,0),(384167289236361216,0,0),(384167771791036416,0,0),(384194769519251456,0,0),(384195021106188289,0,0),(384195257149034496,0,0),(384195487898669056,0,0),(384195776093491201,0,0),(384195975759138816,0,0),(384196175135379456,0,0),(384196360565559297,0,0),(384196530611032065,0,0),(384196746055651328,0,0),(384196959143071744,0,0),(384197248688459777,0,0),(384225513511718912,1,0),(385018234652463104,0,0),(385028425263484928,0,0),(385268119557509120,0,0),(385268410789007360,0,0),(385268885953318912,0,0),(385269363818762240,0,0),(385269733836066817,1,0),(385270093812207616,0,0),(385270247948685312,0,0),(385270687188783104,1,0),(385270957926912001,1,0),(385271313876520960,0,0),(385271879411306496,0,0),(385272174937772032,0,0),(385272787373264897,1,0);
/*!40000 ALTER TABLE `ebook_involved` ENABLE KEYS */;
UNLOCK TABLES;

--
-- Table structure for table `ebook_snapshot`
--

DROP TABLE IF EXISTS `ebook_snapshot`;
/*!40101 SET @saved_cs_client     = @@character_set_client */;
/*!40101 SET character_set_client = utf8 */;
CREATE TABLE `ebook_snapshot` (
  `id` bigint(20) NOT NULL AUTO_INCREMENT COMMENT 'id',
  `ebook_id` bigint(20) NOT NULL DEFAULT '0' COMMENT '电子书id',
  `date` date NOT NULL COMMENT '快照日期',
  `view_count` int(11) NOT NULL DEFAULT '0' COMMENT '阅读数',
  `vote_count` int(11) NOT NULL DEFAULT '0' COMMENT '点赞数',
  `view_increase` int(11) NOT NULL DEFAULT '0' COMMENT '阅读增长',
  `vote_increase` int(11) NOT NULL DEFAULT '0' COMMENT '点赞增长',
  PRIMARY KEY (`id`),
  UNIQUE KEY `ebook_id_date_unique` (`ebook_id`,`date`)
) ENGINE=InnoDB AUTO_INCREMENT=111 DEFAULT CHARSET=utf8mb4 COMMENT='电子书快照表';
/*!40101 SET character_set_client = @saved_cs_client */;

--
-- Dumping data for table `ebook_snapshot`
--

LOCK TABLES `ebook_snapshot` WRITE;
/*!40000 ALTER TABLE `ebook_snapshot` DISABLE KEYS */;
INSERT INTO `ebook_snapshot` VALUES (1,384166227481858048,'2023-11-27',18,1,18,1),(2,384167167341498368,'2023-11-27',5,1,5,1),(3,384167658599354368,'2023-11-27',4,1,4,1),(4,384194671301234688,'2023-11-27',1,1,1,1),(5,384194949165486080,'2023-11-27',0,0,0,0),(6,384195145945452544,'2023-11-27',0,0,0,0),(7,384195367740248064,'2023-11-27',0,0,0,0),(8,384195572636192769,'2023-11-27',0,0,0,0),(9,384195875641102337,'2023-11-27',0,0,0,0),(10,384196070831427585,'2023-11-27',0,0,0,0),(11,384196284162117632,'2023-11-27',0,0,0,0),(13,384196455738511360,'2023-11-27',0,0,0,0),(14,384196639507746817,'2023-11-27',0,0,0,0),(15,384196887844098048,'2023-11-27',0,0,0,0),(16,384197060662005760,'2023-11-27',0,0,0,0),(18,384224753751298048,'2023-11-27',98,1,98,1),(19,384166227481858048,'2023-11-28',22,1,4,0),(20,384167167341498368,'2023-11-28',5,1,0,0),(21,384167658599354368,'2023-11-28',4,1,0,0),(22,384194671301234688,'2023-11-28',1,1,0,0),(23,384194949165486080,'2023-11-28',0,0,0,0),(24,384195145945452544,'2023-11-28',0,0,0,0),(25,384195367740248064,'2023-11-28',0,0,0,0),(26,384195572636192769,'2023-11-28',0,0,0,0),(27,384195875641102337,'2023-11-28',0,0,0,0),(28,384196070831427585,'2023-11-28',0,0,0,0),(29,384196284162117632,'2023-11-28',0,0,0,0),(30,384196455738511360,'2023-11-28',0,0,0,0),(31,384196639507746817,'2023-11-28',0,0,0,0),(32,384196887844098048,'2023-11-28',0,0,0,0),(33,384197060662005760,'2023-11-28',0,0,0,0),(34,384224753751298048,'2023-11-28',138,2,40,1),(35,384166227481858048,'2023-11-29',23,2,1,1),(36,384167167341498368,'2023-11-29',5,1,0,0),(37,384167658599354368,'2023-11-29',4,1,0,0),(38,384194671301234688,'2023-11-29',1,1,0,0),(39,384194949165486080,'2023-11-29',0,0,0,0),(40,384195145945452544,'2023-11-29',0,0,0,0),(41,384195367740248064,'2023-11-29',0,0,0,0),(42,384195572636192769,'2023-11-29',0,0,0,0),(43,384195875641102337,'2023-11-29',0,0,0,0),(44,384196070831427585,'2023-11-29',0,0,0,0),(45,384196284162117632,'2023-11-29',0,0,0,0),(46,384196455738511360,'2023-11-29',0,0,0,0),(47,384196639507746817,'2023-11-29',0,0,0,0),(48,384196887844098048,'2023-11-29',0,0,0,0),(49,384197060662005760,'2023-11-29',0,0,0,0),(50,384224753751298048,'2023-11-29',171,2,33,0),(66,385017761631440896,'2023-11-29',10,0,10,0),(67,384166227481858048,'2023-11-30',23,2,0,0),(68,384167167341498368,'2023-11-30',5,1,0,0),(69,384167658599354368,'2023-11-30',4,1,0,0),(70,384194671301234688,'2023-11-30',1,1,0,0),(71,384194949165486080,'2023-11-30',0,0,0,0),(72,384195145945452544,'2023-11-30',0,0,0,0),(73,384195367740248064,'2023-11-30',0,0,0,0),(74,384195572636192769,'2023-11-30',0,0,0,0),(75,384195875641102337,'2023-11-30',0,0,0,0),(76,384196070831427585,'2023-11-30',0,0,0,0),(77,384196284162117632,'2023-11-30',0,0,0,0),(78,384196455738511360,'2023-11-30',0,0,0,0),(79,384196639507746817,'2023-11-30',0,0,0,0),(80,384196887844098048,'2023-11-30',0,0,0,0),(81,384197060662005760,'2023-11-30',0,0,0,0),(82,384224753751298048,'2023-11-30',171,2,0,0),(83,385017761631440896,'2023-11-30',11,0,1,0),(98,385268030722150400,'2023-11-30',0,0,0,0),(99,385268301758074881,'2023-11-30',1,0,1,0),(100,385268783666827265,'2023-11-30',0,0,0,0),(101,385269257690288129,'2023-11-30',0,0,0,0),(102,385269603636482048,'2023-11-30',1,0,1,0),(103,385270021561126913,'2023-11-30',0,0,0,0),(104,385270177421463553,'2023-11-30',0,0,0,0),(105,385270578958962689,'2023-11-30',0,0,0,0),(106,385270848266833921,'2023-11-30',0,0,0,0),(107,385271202752630785,'2023-11-30',0,0,0,0),(108,385271755268296704,'2023-11-30',0,0,0,0),(109,385272028376207361,'2023-11-30',0,0,0,0),(110,385272717512937472,'2023-11-30',3,0,3,0);
/*!40000 ALTER TABLE `ebook_snapshot` ENABLE KEYS */;
UNLOCK TABLES;

--
-- Table structure for table `needhelp`
--

DROP TABLE IF EXISTS `needhelp`;
/*!40101 SET @saved_cs_client     = @@character_set_client */;
/*!40101 SET character_set_client = utf8 */;
CREATE TABLE `needhelp` (
  `id` bigint(20) NOT NULL AUTO_INCREMENT COMMENT 'id',
  `context` varchar(200) NOT NULL COMMENT '内容',
  `email` varchar(50) NOT NULL COMMENT '邮箱',
  `name` varchar(50) NOT NULL COMMENT '姓名',
  `location` varchar(50) NOT NULL COMMENT '地址',
  `option` tinyint(1) NOT NULL DEFAULT '0' COMMENT '种类  1求助 2报名',
  `docid` bigint(20) NOT NULL COMMENT '对应文档id',
  `approval` tinyint(1) NOT NULL DEFAULT '0' COMMENT '审批  1通过 2没有',
  PRIMARY KEY (`id`)
) ENGINE=InnoDB AUTO_INCREMENT=384968730779717638 DEFAULT CHARSET=utf8mb4 COMMENT='帮助信息收集';
/*!40101 SET character_set_client = @saved_cs_client */;

--
-- Dumping data for table `needhelp`
--

LOCK TABLES `needhelp` WRITE;
/*!40000 ALTER TABLE `needhelp` DISABLE KEYS */;
INSERT INTO `needhelp` VALUES (384961681731751936,'qwe','1341195069@qq.com','qew','123',0,384225513511718912,1),(384968730779717632,'qwe','2082099169@qq.com','里斯','123',0,384225513511718912,0),(384968730779717633,'ceshi','ceshi','ceshi','ceshi',0,384225513511718912,0),(384968730779717634,'ceshi1','ceshi1','ceshi1','ceshi1',0,384225513511718912,0),(384968730779717636,'ceshi3','ceshi3','ceshi3','ceshi3',0,384225513511718912,1),(384968730779717637,'ceshi4','ceshi4','ceshi4','ceshi4',0,384225513511718912,0);
/*!40000 ALTER TABLE `needhelp` ENABLE KEYS */;
UNLOCK TABLES;

--
-- Table structure for table `user`
--

DROP TABLE IF EXISTS `user`;
/*!40101 SET @saved_cs_client     = @@character_set_client */;
/*!40101 SET character_set_client = utf8 */;
CREATE TABLE `user` (
  `id` bigint(20) NOT NULL COMMENT 'ID',
  `login_name` varchar(50) NOT NULL COMMENT '登陆名',
  `name` varchar(50) DEFAULT NULL COMMENT '昵称',
  `password` char(32) NOT NULL COMMENT '密码',
  PRIMARY KEY (`id`),
  UNIQUE KEY `login_name_unique` (`login_name`)
) ENGINE=InnoDB DEFAULT CHARSET=utf8mb4 COMMENT='用户';
/*!40101 SET character_set_client = @saved_cs_client */;

--
-- Dumping data for table `user`
--

LOCK TABLES `user` WRITE;
/*!40000 ALTER TABLE `user` DISABLE KEYS */;
INSERT INTO `user` VALUES (1,'root','管理员','901235d3ec017cebcc1da4f347d8cab8');
/*!40000 ALTER TABLE `user` ENABLE KEYS */;
UNLOCK TABLES;
/*!40103 SET TIME_ZONE=@OLD_TIME_ZONE */;

/*!40101 SET SQL_MODE=@OLD_SQL_MODE */;
/*!40014 SET FOREIGN_KEY_CHECKS=@OLD_FOREIGN_KEY_CHECKS */;
/*!40014 SET UNIQUE_CHECKS=@OLD_UNIQUE_CHECKS */;
/*!40101 SET CHARACTER_SET_CLIENT=@OLD_CHARACTER_SET_CLIENT */;
/*!40101 SET CHARACTER_SET_RESULTS=@OLD_CHARACTER_SET_RESULTS */;
/*!40101 SET COLLATION_CONNECTION=@OLD_COLLATION_CONNECTION */;
/*!40111 SET SQL_NOTES=@OLD_SQL_NOTES */;

-- Dump completed on 2023-11-30 11:42:03
